Farm ID,Farm Size (Acres),Crop Type,Soil pH,Rainfall (mm/year),Temperature (Â°C),Fertilizer Usage (kg/acre),Pest Control Usage (kg/acre),Irrigation (hours/week),Yield Category
1,190.4,Rice,8.48,1333.18,23.78,423.3,32.82,35.85,Low Yield
2,475.6,Corn,8.05,802.01,20.95,369.22,40.17,30.51,High Yield
3,367.34,Rice,6.13,532.22,30.98,97.43,36.65,13.95,Low Yield
4,301.34,Rice,8.29,1407.79,14.02,427.48,42.55,30.03,Low Yield
5,82.23,Wheat,5.85,1555.62,10.62,351.96,7.53,6.93,Low Yield
6,82.22,Wheat,7.95,836.57,21.23,363.66,38.64,6.08,Low Yield
7,33.75,Rice,6.64,1396.22,15.94,213.34,43.29,14.48,Low Yield
8,433.76,Wheat,8.13,971.72,11.24,445.68,17.88,32.5,Low Yield
9,302.55,Corn,8.1,1512.45,28.11,376.42,33.82,10.61,High Yield
10,355.5,Corn,7.92,638.67,12.79,100.67,19.14,3.47,Low Yield
11,15.19,Wheat,7.87,1813.37,25.21,233.5,48.11,6.14,Low Yield
12,485.11,Corn,6.41,788.6,17.03,448.87,6.5,34.49,Low Yield
13,417.06,Wheat,5.74,925.24,14.34,71.24,31.09,25.72,Low Yield
14,110.11,Rice,6.71,398.76,19.49,482.64,12.49,10.87,Low Yield
15,95.0,Rice,6.02,489.57,30.04,355.62,37.05,22.66,Low Yield
16,95.79,Corn,7.58,1176.97,19.8,334.12,12.92,21.58,Low Yield
17,155.6,Wheat,6.54,754.91,28.77,171.75,15.59,26.56,Low Yield
18,264.75,Wheat,8.43,1720.32,13.14,161.96,27.25,10.09,Low Yield
19,218.81,Corn,7.42,324.98,29.32,473.93,46.17,34.71,Low Yield
20,149.16,Rice,7.97,944.46,15.92,184.22,14.53,13.07,Low Yield
21,307.87,Corn,5.9,873.49,26.93,398.98,11.49,28.07,Low Yield
22,74.05,Rice,8.09,332.86,24.14,226.9,39.15,1.63,Low Yield
23,149.61,Wheat,8.27,511.43,33.23,112.66,27.53,15.53,Low Yield
24,186.35,Rice,6.96,1003.19,19.68,54.82,46.03,14.72,Low Yield
25,230.75,Corn,7.32,1137.87,11.65,294.92,11.6,22.2,Low Yield
26,393.66,Wheat,7.79,987.29,10.48,489.1,34.07,3.84,Low Yield
27,103.84,Corn,6.02,1202.59,30.67,216.11,15.48,31.82,Low Yield
28,259.55,Corn,7.01,1311.72,23.12,210.74,12.05,9.49,Low Yield
29,298.25,Rice,6.7,316.87,29.38,204.84,35.75,27.4,Low Yield
30,27.99,Corn,5.94,1088.96,15.86,284.24,31.72,32.33,Low Yield
31,305.73,Rice,6.6,1937.95,18.63,248.3,38.97,22.91,High Yield
32,89.41,Wheat,5.7,1182.35,10.75,445.96,18.93,29.89,Low Yield
33,37.2,Rice,5.58,1451.82,34.04,277.48,25.16,26.81,Low Yield
34,474.7,Wheat,5.91,830.17,26.7,278.49,23.25,14.87,Low Yield
35,482.99,Rice,8.39,1615.79,33.33,112.27,49.28,32.55,Low Yield
36,405.16,Corn,7.15,1613.97,16.64,492.23,18.15,12.49,Low Yield
37,155.78,Rice,8.4,1186.2,25.29,162.49,18.27,23.28,Low Yield
38,53.35,Rice,6.8,1959.22,26.96,83.01,20.95,30.07,Low Yield
39,343.7,Wheat,6.44,513.44,17.94,348.42,30.41,15.78,Low Yield
40,222.88,Corn,7.02,328.81,31.2,317.91,16.35,12.81,Low Yield
41,65.41,Rice,6.82,1609.27,33.68,236.82,46.19,18.91,Low Yield
42,250.11,Corn,5.82,1672.16,32.12,239.99,16.96,32.9,Low Yield
43,22.02,Rice,7.42,504.35,28.48,403.28,45.31,37.27,Low Yield
44,455.11,Rice,6.15,751.49,16.94,138.07,9.66,22.26,Low Yield
45,133.1,Corn,7.36,329.84,17.04,419.11,34.55,26.8,Low Yield
46,332.95,Rice,7.45,798.62,34.08,341.94,45.81,36.23,Low Yield
47,159.3,Corn,5.96,1614.34,10.26,238.54,12.59,4.84,Low Yield
48,262.43,Rice,5.68,1180.53,27.9,256.11,48.57,10.05,Low Yield
49,275.62,Wheat,7.84,891.76,27.66,165.49,25.38,28.65,High Yield
50,96.5,Corn,6.88,931.96,25.57,388.45,47.56,33.13,Low Yield
51,484.94,Rice,5.67,302.3,34.75,280.79,35.46,34.42,Low Yield
52,388.69,Rice,8.48,809.66,17.8,194.38,18.57,17.19,Low Yield
53,470.05,Wheat,5.67,1398.98,18.5,318.22,13.47,4.48,Low Yield
54,447.94,Corn,7.59,1956.13,11.97,498.08,18.67,18.07,Low Yield
55,300.96,Rice,8.45,1740.0,21.07,245.87,9.19,10.0,Low Yield
56,461.33,Wheat,6.22,340.11,16.53,464.31,11.47,12.36,Low Yield
57,48.8,Rice,5.93,1827.55,18.58,205.26,9.71,31.12,Low Yield
58,102.01,Corn,5.86,1631.44,30.86,74.63,24.03,3.95,Low Yield
59,27.39,Rice,6.41,1626.64,33.39,141.91,40.8,33.28,Low Yield
60,166.04,Rice,5.8,1078.59,14.64,238.41,11.36,17.68,Low Yield
61,197.4,Rice,7.58,976.61,19.31,148.84,10.86,24.25,Low Yield
62,139.32,Rice,5.69,814.96,33.22,50.1,33.95,4.5,Low Yield
63,415.23,Wheat,7.03,411.68,11.55,461.75,13.87,14.16,Low Yield
64,181.59,Wheat,8.49,688.0,12.31,429.75,9.39,4.5,Low Yield
65,144.06,Corn,7.94,719.23,14.07,384.03,12.51,38.5,Low Yield
66,273.63,Wheat,7.35,1122.93,24.88,125.52,46.57,32.48,Low Yield
67,74.76,Wheat,6.42,1570.66,13.76,104.16,41.97,18.93,Low Yield
68,402.09,Corn,7.37,1105.48,34.2,80.42,20.93,9.72,Low Yield
69,41.9,Wheat,7.08,398.34,21.17,375.81,34.51,37.4,Low Yield
70,493.51,Wheat,6.78,1928.24,22.54,467.96,29.18,14.44,High Yield
71,387.26,Corn,5.89,1902.63,16.17,243.74,35.47,7.28,Low Yield
72,103.36,Corn,8.16,1634.82,21.77,103.61,35.72,22.96,Low Yield
73,7.73,Corn,6.85,1985.26,26.55,280.58,33.29,37.81,Low Yield
74,408.65,Rice,6.08,1225.62,28.78,206.97,16.97,1.15,Low Yield
75,354.89,Rice,6.6,1936.71,28.85,218.67,6.76,10.29,Low Yield
76,365.86,Corn,6.74,428.53,24.45,329.6,25.5,37.6,Low Yield
77,386.78,Corn,7.98,921.66,32.61,373.42,45.09,7.67,Low Yield
78,41.65,Corn,7.7,683.15,30.44,99.77,30.63,5.42,Low Yield
79,182.44,Rice,7.81,632.92,28.93,66.02,42.46,23.24,Low Yield
80,62.36,Rice,5.53,539.37,11.39,497.45,49.62,34.61,Low Yield
81,432.24,Wheat,6.75,1358.1,10.17,154.73,12.36,19.61,Low Yield
82,313.53,Wheat,6.94,1628.25,15.31,74.22,36.13,39.79,Low Yield
83,168.79,Corn,5.56,1283.11,26.59,135.44,35.34,27.49,Low Yield
84,36.46,Rice,6.28,549.84,20.28,67.53,49.1,3.89,Low Yield
85,158.94,Rice,7.78,1678.91,20.06,226.31,49.35,39.72,Low Yield
86,165.97,Rice,5.91,1381.12,32.11,411.08,35.9,16.91,Low Yield
87,366.16,Corn,7.11,959.88,32.39,203.56,15.96,12.21,Low Yield
88,320.59,Wheat,6.15,1446.02,32.73,249.88,40.94,22.76,Low Yield
89,444.17,Corn,5.54,741.84,17.85,354.01,9.82,12.87,Low Yield
90,238.75,Wheat,6.22,886.83,27.28,279.0,40.13,4.37,Low Yield
91,64.2,Wheat,8.43,1859.73,16.79,437.65,45.96,1.06,Low Yield
92,358.06,Corn,7.9,793.86,14.77,439.72,22.23,18.53,Low Yield
93,381.59,Wheat,8.38,1098.98,14.62,54.46,33.38,33.64,Low Yield
94,282.83,Wheat,6.96,1813.24,18.55,400.12,24.36,23.32,High Yield
95,386.63,Rice,5.83,1503.13,20.75,257.33,24.7,39.97,Low Yield
96,249.43,Wheat,7.14,405.75,30.77,494.98,18.97,12.19,Low Yield
97,263.75,Corn,6.86,550.42,13.0,267.45,39.3,11.94,Low Yield
98,216.63,Corn,8.03,313.33,28.37,494.1,47.13,7.23,Low Yield
99,17.58,Wheat,5.79,1372.57,23.29,389.56,47.33,7.4,Low Yield
100,58.41,Rice,6.96,1061.04,17.2,161.87,12.87,12.12,Low Yield
101,20.56,Rice,5.95,528.27,22.32,292.28,44.36,31.92,Low Yield
102,320.02,Wheat,6.47,1928.49,17.5,496.46,38.18,36.32,Low Yield
103,160.61,Wheat,7.71,1200.42,24.9,435.89,16.38,39.03,Low Yield
104,256.74,Corn,6.93,711.22,20.85,93.82,8.03,10.06,Low Yield
105,454.25,Wheat,6.63,1151.03,14.11,367.87,17.06,35.37,Low Yield
106,128.4,Rice,6.68,1455.35,12.91,205.51,46.05,13.8,Low Yield
107,208.14,Wheat,6.88,429.61,23.67,53.14,33.49,5.4,Low Yield
108,379.0,Corn,7.86,767.0,32.56,231.57,37.45,34.93,Low Yield
109,118.26,Corn,8.18,1671.84,18.6,155.64,16.57,25.81,Low Yield
110,43.11,Corn,8.37,1081.43,28.33,418.49,37.37,7.42,Low Yield
111,148.43,Corn,7.86,1229.18,26.47,201.8,6.27,17.76,Low Yield
112,84.8,Corn,6.45,1035.79,33.29,422.39,21.89,12.2,Low Yield
113,465.2,Wheat,7.56,374.63,30.52,50.27,33.2,29.73,Low Yield
114,405.02,Wheat,6.81,581.77,24.17,188.52,11.57,18.68,Low Yield
115,318.53,Wheat,6.26,1057.42,26.43,158.52,42.04,39.58,Low Yield
116,436.37,Wheat,8.02,655.62,32.46,155.11,15.58,3.14,Low Yield
117,402.82,Corn,5.62,384.96,19.99,80.68,34.35,14.85,Low Yield
118,97.35,Rice,8.21,1734.2,18.17,134.21,23.23,19.79,Low Yield
119,446.82,Wheat,6.88,1968.03,10.27,300.0,31.82,20.62,Low Yield
120,271.97,Rice,7.41,1648.34,30.66,181.11,9.84,13.32,Low Yield
121,404.68,Wheat,7.48,1751.43,30.02,237.83,5.76,29.44,Low Yield
122,448.57,Wheat,8.19,711.36,12.61,219.59,45.93,35.12,Low Yield
123,162.41,Rice,7.41,1933.07,24.42,444.16,17.13,37.61,Low Yield
124,59.48,Corn,7.34,634.77,21.6,457.38,41.89,32.4,Low Yield
125,117.83,Wheat,5.7,1917.43,12.97,271.83,49.97,34.17,Low Yield
126,216.42,Wheat,7.06,1991.19,34.51,198.57,14.51,22.47,Low Yield
127,409.92,Wheat,5.95,1509.93,15.37,98.06,16.93,33.21,Low Yield
128,431.06,Rice,7.71,1967.94,11.68,479.03,34.83,12.84,Low Yield
129,8.44,Corn,7.04,1268.22,24.87,77.1,48.45,16.54,Low Yield
130,257.82,Rice,7.54,741.22,28.47,183.94,46.21,13.36,Low Yield
131,211.62,Rice,5.63,1042.89,10.81,184.13,27.63,19.23,Low Yield
132,114.94,Corn,5.75,1309.05,26.47,194.18,40.78,12.14,Low Yield
133,64.33,Rice,7.65,424.24,23.31,123.93,11.11,38.5,Low Yield
134,172.12,Corn,5.72,1357.98,12.58,402.42,48.98,13.2,Low Yield
135,471.74,Wheat,5.71,1968.0,14.31,105.12,48.4,4.82,Low Yield
136,164.99,Corn,5.54,623.18,24.2,335.71,12.37,21.55,Low Yield
137,261.8,Wheat,8.37,1647.41,17.41,105.73,18.47,3.23,Low Yield
138,352.99,Rice,7.71,1843.43,33.46,81.74,9.51,5.31,Low Yield
139,185.0,Rice,6.56,1904.29,30.47,459.24,17.23,9.56,Low Yield
140,486.03,Wheat,6.39,1932.23,34.59,135.56,41.72,19.11,Low Yield
141,481.41,Rice,6.55,1186.48,16.49,419.56,22.02,17.9,High Yield
142,129.63,Corn,7.82,1961.42,34.24,295.08,8.98,32.19,Low Yield
143,251.14,Wheat,7.48,1587.43,20.78,85.04,20.4,29.84,Low Yield
144,153.93,Rice,6.06,574.84,18.69,479.95,49.16,17.63,Low Yield
145,146.0,Wheat,6.02,1110.73,11.26,161.13,33.34,14.01,Low Yield
146,23.26,Corn,5.8,1521.16,11.32,436.84,23.73,13.34,Low Yield
147,306.73,Corn,7.48,720.48,27.3,125.96,12.49,31.19,Low Yield
148,253.83,Rice,7.79,1389.05,21.45,434.27,49.38,3.03,Low Yield
149,30.48,Corn,6.3,1433.22,15.66,55.95,41.94,1.5,Low Yield
150,142.93,Wheat,5.56,576.59,25.35,280.3,17.67,32.03,Low Yield
151,454.59,Corn,5.75,1260.65,16.32,396.25,8.15,19.61,Low Yield
152,123.58,Wheat,8.4,1611.77,24.44,470.66,7.55,6.1,Low Yield
153,76.72,Wheat,6.39,1148.12,18.98,459.14,10.42,10.19,Low Yield
154,247.28,Corn,7.81,320.58,30.59,418.83,31.13,37.37,Low Yield
155,492.9,Rice,7.37,315.37,30.52,449.69,46.79,34.52,Low Yield
156,124.82,Corn,6.65,906.95,21.93,139.65,27.35,28.68,Low Yield
157,337.71,Wheat,6.12,1874.53,18.77,177.88,42.93,19.81,Low Yield
158,382.0,Wheat,5.86,688.75,19.06,180.04,25.06,21.29,Low Yield
159,122.63,Corn,7.35,1378.42,30.14,219.67,36.89,39.03,Low Yield
160,365.47,Rice,7.82,677.53,18.2,226.99,37.93,38.67,Low Yield
161,187.05,Rice,7.43,846.84,15.23,295.05,12.83,9.4,Low Yield
162,317.99,Wheat,7.09,1741.67,12.12,121.95,21.25,32.63,Low Yield
163,318.6,Wheat,5.63,1539.06,21.67,361.06,33.68,8.69,Low Yield
164,270.21,Rice,8.41,462.18,22.05,125.4,8.18,9.33,Low Yield
165,49.69,Corn,7.9,1028.79,31.02,189.64,21.27,27.37,Low Yield
166,418.47,Wheat,6.38,349.59,15.53,276.51,29.07,16.8,Low Yield
167,163.79,Wheat,8.44,1117.51,19.52,408.4,49.83,37.33,Low Yield
168,97.33,Rice,7.31,1426.14,30.21,382.76,26.35,4.47,Low Yield
169,25.18,Corn,7.25,501.45,30.59,340.49,41.72,20.95,Low Yield
170,297.49,Rice,7.74,791.1,19.62,120.1,24.44,36.82,Low Yield
171,340.39,Corn,7.94,976.32,21.48,296.17,40.84,36.26,High Yield
172,13.21,Corn,7.47,1863.2,17.58,89.35,31.79,7.1,Low Yield
173,258.49,Corn,5.88,1988.53,33.31,219.81,44.9,15.3,Low Yield
174,117.12,Wheat,6.51,376.35,12.97,236.08,23.49,25.15,Low Yield
175,324.36,Rice,8.28,1593.71,33.34,67.92,32.19,7.22,Low Yield
176,91.31,Rice,6.17,931.93,27.1,173.29,33.35,38.75,Low Yield
177,347.01,Corn,6.62,967.18,23.29,480.04,23.78,36.68,High Yield
178,196.43,Wheat,6.8,1582.25,10.82,479.13,11.49,7.51,Low Yield
179,468.68,Wheat,6.82,1861.32,21.89,208.55,9.21,5.73,Low Yield
180,73.07,Rice,7.34,1916.58,20.19,69.4,5.75,4.33,Low Yield
181,173.83,Wheat,8.33,1281.11,14.03,130.59,44.31,36.47,Low Yield
182,61.17,Wheat,6.22,907.11,26.41,226.5,15.64,8.55,Low Yield
183,462.72,Corn,5.86,1638.83,34.28,476.5,14.52,17.24,Low Yield
184,439.28,Wheat,6.09,726.7,24.05,113.54,38.12,18.51,Low Yield
185,132.68,Corn,8.16,1258.93,27.87,393.58,19.4,24.36,Low Yield
186,331.69,Rice,7.44,909.58,11.71,98.91,27.77,3.8,Low Yield
187,409.52,Wheat,6.36,1416.27,20.44,491.57,12.31,9.84,Low Yield
188,279.82,Rice,7.95,708.68,12.91,221.73,48.19,37.33,Low Yield
189,267.18,Rice,8.08,625.71,25.32,398.86,43.32,36.43,Low Yield
190,124.72,Wheat,8.04,1861.01,33.46,204.17,43.87,31.47,Low Yield
191,51.09,Wheat,8.26,473.07,26.54,332.45,23.3,1.76,Low Yield
192,449.12,Rice,6.26,1160.13,11.92,136.41,39.31,13.75,Low Yield
193,450.71,Wheat,7.77,675.45,18.87,115.71,11.47,25.49,Low Yield
194,318.39,Corn,6.88,366.18,23.77,472.13,5.39,11.73,Low Yield
195,172.82,Corn,8.03,361.23,20.08,462.94,5.9,36.47,Low Yield
196,177.86,Wheat,7.69,597.88,30.84,449.36,31.4,25.72,Low Yield
197,364.35,Rice,7.83,1773.51,30.37,331.45,25.49,3.8,Low Yield
198,449.07,Wheat,7.47,780.21,25.3,413.72,28.31,36.45,Low Yield
199,444.11,Wheat,6.03,1915.78,19.34,81.07,5.34,38.35,Low Yield
200,391.04,Rice,7.14,1288.76,16.38,200.66,24.02,4.03,Low Yield
201,322.81,Rice,8.45,1042.24,12.65,191.17,37.31,21.76,Low Yield
202,46.65,Corn,8.31,1286.15,18.87,336.04,24.92,12.83,Low Yield
203,85.01,Rice,5.63,1178.39,20.33,210.18,37.95,16.32,Low Yield
204,449.78,Corn,5.99,1589.92,26.9,116.83,15.49,8.01,Low Yield
205,305.18,Rice,5.9,780.24,26.45,318.41,41.59,23.54,Low Yield
206,9.55,Wheat,7.68,900.19,11.75,416.47,31.48,38.36,Low Yield
207,55.23,Corn,7.95,1819.96,19.88,221.96,14.48,20.62,Low Yield
208,333.43,Corn,6.14,1908.98,14.54,109.52,15.65,4.23,Low Yield
209,7.51,Corn,7.02,1817.35,13.92,138.51,33.26,25.18,Low Yield
210,84.6,Wheat,8.02,1013.06,30.68,156.87,42.35,14.27,Low Yield
211,276.62,Wheat,7.7,1626.62,11.05,184.95,23.7,34.38,Low Yield
212,347.49,Wheat,7.13,1109.77,20.48,339.26,16.62,17.95,Low Yield
213,327.72,Wheat,7.27,1145.82,14.21,320.43,44.02,8.52,Low Yield
214,116.01,Wheat,7.03,647.96,31.98,363.24,35.12,8.45,Low Yield
215,357.53,Corn,6.39,1304.92,23.93,213.13,25.16,30.98,Low Yield
216,122.44,Wheat,7.2,616.43,15.78,420.8,26.96,11.36,Low Yield
217,166.07,Corn,7.57,863.66,22.56,141.84,14.19,30.92,Low Yield
218,374.51,Wheat,8.12,1753.55,28.29,261.07,33.21,9.03,Low Yield
219,326.57,Rice,7.41,652.03,33.95,410.42,21.14,13.55,Low Yield
220,425.37,Corn,7.78,420.97,15.51,131.07,49.8,19.15,Low Yield
221,330.52,Rice,5.98,417.31,32.15,99.44,26.61,37.78,Low Yield
222,286.31,Corn,6.88,1899.33,33.36,447.66,26.86,37.34,High Yield
223,51.37,Rice,5.53,1161.76,32.91,204.32,30.46,9.07,Low Yield
224,187.02,Wheat,6.24,996.0,25.89,357.74,46.25,14.97,Low Yield
225,136.28,Wheat,7.68,1678.49,25.75,61.41,41.04,6.83,Low Yield
226,125.77,Wheat,8.48,1720.9,20.08,360.52,25.3,20.89,Low Yield
227,486.64,Corn,5.8,864.72,28.81,192.25,37.34,18.96,Low Yield
228,199.58,Rice,6.7,1479.15,23.28,75.08,31.38,36.13,Low Yield
229,446.56,Wheat,7.9,1610.91,26.94,324.42,27.16,37.27,High Yield
230,317.41,Rice,6.11,1412.91,20.71,158.36,13.65,15.96,Low Yield
231,398.43,Rice,7.17,557.71,28.29,224.06,25.88,20.18,Low Yield
232,253.81,Wheat,7.7,1789.0,30.61,86.26,16.06,35.95,Low Yield
233,290.57,Wheat,7.35,1216.46,13.66,116.22,46.17,32.46,Low Yield
234,248.8,Rice,6.06,780.2,30.82,184.09,20.09,1.14,Low Yield
235,101.65,Wheat,6.57,1022.89,23.51,90.39,47.85,13.48,Low Yield
236,362.61,Wheat,7.85,363.87,31.12,459.87,28.99,17.45,Low Yield
237,143.98,Wheat,7.16,517.37,20.78,52.72,33.42,9.96,Low Yield
238,17.04,Corn,5.52,1601.43,19.48,267.74,29.43,8.78,Low Yield
239,324.51,Rice,7.78,300.02,32.88,105.46,10.82,2.47,Low Yield
240,92.67,Rice,5.61,1008.16,16.28,188.46,21.91,26.09,Low Yield
241,470.53,Corn,7.74,1188.27,31.11,466.73,9.46,11.24,Low Yield
242,477.19,Rice,6.11,392.88,22.1,122.76,33.03,3.04,Low Yield
243,457.86,Wheat,8.37,1954.23,22.85,484.62,25.11,10.01,High Yield
244,188.23,Rice,6.6,684.41,17.71,142.61,40.01,32.27,Low Yield
245,12.65,Wheat,6.48,817.14,24.33,383.7,14.92,34.21,Low Yield
246,464.52,Corn,5.95,816.7,18.13,296.0,12.41,19.84,Low Yield
247,216.95,Wheat,6.42,691.71,10.98,448.02,23.28,17.23,Low Yield
248,483.49,Rice,8.13,302.51,16.8,299.3,46.7,39.14,Low Yield
249,481.99,Rice,8.49,1539.89,10.16,290.55,36.97,8.82,Low Yield
250,427.24,Rice,6.6,1943.64,34.46,137.96,23.85,9.4,Low Yield
251,150.75,Corn,6.85,681.3,34.14,124.8,28.28,12.38,Low Yield
252,195.62,Corn,7.67,1427.18,19.88,462.42,8.79,7.74,Low Yield
253,426.31,Rice,8.16,1561.22,28.21,197.53,49.31,15.8,High Yield
254,161.88,Wheat,7.28,1742.32,18.65,217.44,34.99,36.52,Low Yield
255,88.9,Corn,6.67,1018.47,26.78,391.92,17.84,25.0,Low Yield
256,280.62,Rice,6.74,814.98,30.14,202.47,31.36,17.07,High Yield
257,468.4,Rice,7.59,853.0,33.67,478.43,9.93,37.44,Low Yield
258,349.53,Corn,5.51,1511.46,20.01,382.07,48.46,2.89,Low Yield
259,287.18,Corn,7.36,1688.53,29.58,318.84,12.87,9.2,Low Yield
260,53.1,Corn,6.57,608.74,16.65,446.4,34.16,23.07,Low Yield
261,309.43,Wheat,7.88,930.6,34.76,72.32,16.05,25.01,Low Yield
262,495.08,Wheat,5.78,1833.3,10.64,165.68,37.29,2.54,Low Yield
263,74.34,Rice,7.26,1671.38,25.09,259.27,39.96,16.72,Low Yield
264,261.57,Corn,6.94,1974.26,26.49,152.14,35.3,26.32,High Yield
265,439.3,Wheat,7.43,1582.22,27.2,384.76,32.65,28.22,High Yield
266,371.68,Corn,5.69,968.43,13.01,463.64,45.16,25.89,Low Yield
267,350.02,Rice,7.24,1304.08,33.46,240.7,8.54,13.5,Low Yield
268,352.73,Wheat,7.18,1423.72,14.53,203.96,19.89,4.65,Low Yield
269,182.95,Wheat,7.18,433.37,25.57,482.7,16.17,17.66,Low Yield
270,150.33,Wheat,7.31,1225.64,15.57,250.18,49.46,6.02,Low Yield
271,405.63,Rice,7.53,1505.85,17.68,270.07,22.52,37.96,High Yield
272,406.01,Corn,7.91,584.45,23.66,208.24,37.97,19.53,Low Yield
273,434.2,Wheat,6.31,1627.07,20.43,459.3,35.81,13.37,Low Yield
274,457.05,Rice,7.98,1292.41,14.01,306.03,14.54,30.89,Low Yield
275,258.11,Corn,6.99,1918.78,14.27,392.98,15.75,20.42,Low Yield
276,253.25,Rice,5.73,372.12,20.45,415.31,17.66,13.09,Low Yield
277,400.16,Corn,5.68,751.05,28.93,203.83,23.5,32.67,Low Yield
278,326.73,Rice,6.5,1322.64,32.45,245.16,15.54,34.82,Low Yield
279,352.47,Corn,7.85,804.15,12.1,431.81,5.88,27.25,Low Yield
280,398.92,Wheat,7.62,1514.52,19.83,213.46,44.57,2.83,Low Yield
281,445.55,Corn,7.87,1590.31,12.51,407.27,48.45,23.09,Low Yield
282,172.31,Rice,7.05,474.28,10.41,473.45,20.37,30.77,Low Yield
283,190.91,Rice,6.82,1173.55,26.54,330.44,20.23,6.32,Low Yield
284,51.52,Corn,5.94,1165.11,25.06,383.73,5.32,9.92,Low Yield
285,291.25,Wheat,6.48,927.78,14.08,412.29,35.61,35.42,Low Yield
286,22.79,Wheat,6.8,1885.97,15.85,430.27,42.14,1.78,Low Yield
287,235.47,Corn,5.77,1706.76,10.59,227.77,11.6,30.36,Low Yield
288,273.61,Corn,6.16,1485.26,30.87,73.07,12.18,19.48,Low Yield
289,146.84,Rice,7.29,1514.36,34.37,230.84,40.55,18.42,Low Yield
290,297.46,Wheat,7.71,1084.92,13.39,353.19,32.73,1.28,Low Yield
291,20.1,Corn,8.5,1865.69,15.79,252.66,7.02,32.96,Low Yield
292,23.49,Wheat,8.3,1480.81,31.71,387.03,33.01,15.03,Low Yield
293,412.19,Corn,7.43,1539.27,33.16,210.64,18.9,22.09,Low Yield
294,183.29,Corn,6.76,1764.87,20.49,335.63,21.59,27.41,Low Yield
295,67.89,Wheat,7.41,765.92,11.27,133.89,39.64,28.4,Low Yield
296,263.51,Corn,7.86,1672.02,10.98,387.22,41.49,38.28,Low Yield
297,386.15,Corn,5.86,631.91,24.35,295.56,23.02,21.72,Low Yield
298,111.83,Rice,6.73,887.08,19.82,141.83,47.62,16.59,Low Yield
299,313.33,Corn,8.02,870.54,10.72,181.36,23.29,38.19,Low Yield
300,47.25,Corn,6.65,1963.49,24.58,386.87,39.73,26.04,Low Yield
301,30.58,Corn,7.22,1756.11,10.28,267.17,26.77,12.63,Low Yield
302,268.02,Rice,7.26,1491.99,29.68,147.21,45.39,5.93,Low Yield
303,272.61,Wheat,6.05,1536.0,17.66,485.27,45.85,33.86,Low Yield
304,320.53,Rice,6.59,1255.52,11.01,371.81,8.93,15.13,Low Yield
305,364.42,Rice,6.5,1910.05,24.71,480.71,47.14,26.76,Low Yield
306,488.05,Wheat,5.58,1143.64,19.94,242.2,42.15,19.36,Low Yield
307,260.57,Rice,5.57,946.88,34.35,263.8,40.61,8.76,Low Yield
308,164.86,Wheat,8.0,577.16,23.6,454.08,14.04,24.47,Low Yield
309,398.62,Rice,6.32,1636.55,16.88,286.27,41.23,3.37,Low Yield
310,139.06,Wheat,7.05,1548.55,27.74,368.28,43.26,17.12,Low Yield
311,222.29,Corn,6.4,953.4,16.79,163.48,18.01,22.32,Low Yield
312,43.84,Rice,8.32,342.83,32.61,251.03,47.85,18.01,Low Yield
313,17.55,Rice,6.28,1726.3,19.37,105.55,7.24,30.2,Low Yield
314,481.51,Rice,6.79,319.41,23.75,142.69,11.75,33.29,Low Yield
315,418.81,Rice,8.12,1496.29,11.26,50.42,29.19,31.08,Low Yield
316,349.51,Corn,8.03,1949.44,20.65,67.67,30.91,2.51,Low Yield
317,207.43,Rice,6.06,1044.02,30.81,489.78,34.03,8.57,Low Yield
318,90.78,Corn,7.91,699.45,30.14,159.06,5.76,21.93,Low Yield
319,82.44,Corn,6.87,1498.28,15.61,348.49,48.22,37.46,Low Yield
320,128.87,Corn,6.95,1689.12,15.65,427.59,7.01,33.56,Low Yield
321,276.87,Corn,5.9,1228.93,30.43,297.8,11.44,33.86,Low Yield
322,358.72,Wheat,5.74,1943.96,33.26,118.92,5.63,12.83,Low Yield
323,331.8,Wheat,7.68,387.84,12.38,377.65,30.51,17.75,Low Yield
324,143.57,Rice,6.99,1158.15,21.25,320.11,46.95,19.36,Low Yield
325,477.66,Wheat,6.81,1521.37,18.44,379.06,34.97,7.14,Low Yield
326,370.26,Wheat,7.69,1766.49,31.77,396.39,42.02,2.21,Low Yield
327,279.41,Rice,7.8,604.73,12.09,488.93,5.6,37.93,Low Yield
328,307.8,Rice,5.98,1660.01,15.28,308.1,29.39,10.39,Low Yield
329,212.7,Rice,7.33,1239.6,28.81,203.74,25.68,10.36,High Yield
330,127.63,Wheat,5.91,974.14,11.28,341.81,27.45,4.25,Low Yield
331,181.21,Wheat,7.75,523.92,22.31,80.8,8.25,37.21,Low Yield
332,380.13,Rice,7.47,1771.0,21.05,453.83,35.8,23.61,High Yield
333,12.12,Corn,8.37,567.36,18.36,103.72,27.64,27.01,Low Yield
334,62.46,Rice,5.71,826.64,19.86,197.53,39.43,36.55,Low Yield
335,27.77,Corn,5.67,793.08,23.25,417.09,26.84,14.48,Low Yield
336,25.16,Corn,6.35,1781.4,14.03,318.79,11.72,25.24,Low Yield
337,428.45,Rice,6.29,1443.6,24.3,227.14,34.17,2.51,Low Yield
338,353.31,Rice,6.24,1654.36,30.14,263.05,12.76,8.28,Low Yield
339,239.72,Rice,8.22,725.8,29.0,434.55,44.26,33.42,Low Yield
340,53.43,Wheat,6.25,1362.29,13.85,203.0,32.59,30.9,Low Yield
341,248.35,Corn,6.32,1271.97,13.73,441.34,12.07,14.68,Low Yield
342,239.37,Wheat,7.78,1715.81,16.7,89.66,48.31,15.7,Low Yield
343,90.73,Wheat,6.85,1840.35,19.03,399.56,28.33,21.81,Low Yield
344,219.76,Rice,7.83,320.67,20.21,431.4,8.28,1.01,Low Yield
345,202.26,Wheat,5.7,1445.83,26.99,131.82,33.21,10.41,Low Yield
346,309.85,Rice,6.96,388.12,11.42,243.66,16.39,9.12,Low Yield
347,319.37,Corn,5.6,1233.06,10.87,124.47,41.17,10.77,Low Yield
348,27.43,Rice,5.69,788.98,19.8,367.97,41.8,32.43,Low Yield
349,190.43,Wheat,8.22,821.52,27.43,290.91,49.05,11.91,Low Yield
350,314.8,Wheat,5.92,900.03,14.84,335.9,27.58,8.47,Low Yield
351,254.05,Rice,7.1,1356.2,26.04,138.42,25.47,20.67,Low Yield
352,428.96,Rice,6.73,867.88,16.5,145.29,38.91,34.76,Low Yield
353,331.05,Wheat,6.54,1545.59,32.15,68.67,10.96,10.41,Low Yield
354,85.65,Corn,8.2,987.7,32.39,194.93,29.61,4.06,Low Yield
355,39.93,Corn,5.57,416.2,17.43,301.89,29.58,14.9,Low Yield
356,323.0,Rice,7.49,1632.39,15.75,436.07,9.03,30.16,Low Yield
357,18.12,Corn,8.39,785.79,20.28,350.12,23.81,22.48,Low Yield
358,294.96,Wheat,7.18,1035.7,16.01,245.93,43.4,32.85,High Yield
359,470.41,Rice,8.31,1465.25,26.81,478.9,43.53,38.42,High Yield
360,289.86,Wheat,5.66,865.18,30.65,373.66,9.47,31.91,Low Yield
361,197.14,Wheat,6.76,396.2,26.83,468.57,9.08,24.55,Low Yield
362,323.43,Corn,6.28,935.67,30.61,287.41,16.82,20.24,Low Yield
363,231.84,Rice,7.69,1905.56,19.92,166.51,44.36,2.56,Low Yield
364,275.08,Rice,8.44,1390.95,13.91,73.77,10.8,39.39,Low Yield
365,471.03,Corn,6.27,1441.51,28.45,376.74,37.4,15.96,Low Yield
366,196.12,Wheat,7.46,1374.88,19.01,104.59,9.55,6.94,Low Yield
367,480.79,Wheat,6.09,638.29,26.78,186.25,33.04,27.0,Low Yield
368,453.15,Wheat,7.2,1011.17,16.77,289.61,21.02,12.09,High Yield
369,101.92,Wheat,6.89,1576.6,12.03,303.99,40.5,23.85,Low Yield
370,39.33,Rice,8.42,472.33,34.81,320.26,15.52,23.88,Low Yield
371,54.89,Rice,7.33,772.35,13.91,124.81,33.76,18.38,Low Yield
372,14.02,Corn,6.55,769.74,34.71,220.88,15.61,33.61,Low Yield
373,51.75,Corn,5.84,1034.43,34.43,327.74,37.11,11.33,Low Yield
374,343.09,Rice,5.95,1966.63,29.85,486.42,44.32,18.5,Low Yield
375,40.24,Rice,6.18,414.75,26.49,377.43,10.71,21.97,Low Yield
376,162.89,Wheat,6.25,1181.79,24.45,465.17,44.0,26.88,Low Yield
377,423.21,Wheat,8.05,604.92,31.65,393.0,31.71,31.57,Low Yield
378,16.52,Corn,7.18,1950.15,17.24,316.27,10.72,16.4,Low Yield
379,408.16,Rice,7.07,492.62,21.69,136.41,24.24,26.2,Low Yield
380,144.52,Corn,5.84,986.12,25.48,350.01,12.24,6.87,Low Yield
381,63.49,Rice,8.08,1554.4,20.28,330.52,36.52,37.37,Low Yield
382,349.88,Wheat,7.67,1497.74,20.69,321.11,39.15,15.94,High Yield
383,316.33,Corn,5.7,1018.64,18.26,270.4,9.76,29.45,Low Yield
384,439.35,Corn,7.62,889.09,24.11,287.9,27.78,1.79,Low Yield
385,368.86,Rice,7.13,975.94,31.26,200.5,41.66,9.0,Low Yield
386,402.72,Wheat,5.75,749.27,15.04,283.69,47.13,20.0,Low Yield
387,144.61,Corn,6.87,649.07,33.36,138.9,28.11,35.25,Low Yield
388,92.83,Wheat,6.95,1121.17,27.23,412.33,47.76,21.56,Low Yield
389,376.55,Corn,6.0,756.51,30.58,133.6,29.11,37.26,Low Yield
390,404.38,Wheat,8.34,788.68,23.9,88.23,22.74,19.87,Low Yield
391,495.3,Rice,8.05,1416.49,29.49,246.31,43.17,20.13,High Yield
392,209.25,Corn,7.51,1946.51,10.41,346.24,27.18,5.67,Low Yield
393,189.15,Corn,6.89,1326.18,30.46,246.97,26.24,32.3,Low Yield
394,389.32,Wheat,6.74,430.87,11.0,174.54,27.06,10.63,Low Yield
395,173.7,Wheat,7.45,428.49,32.25,301.18,43.11,36.08,Low Yield
396,465.72,Corn,7.14,1917.42,34.8,206.15,42.44,36.52,High Yield
397,429.91,Rice,5.69,805.39,17.35,469.79,23.16,37.79,Low Yield
398,217.35,Wheat,7.04,456.51,15.26,465.19,20.0,21.29,Low Yield
399,376.68,Wheat,7.92,1318.38,29.13,276.07,27.14,27.41,High Yield
400,378.5,Wheat,6.88,1360.2,16.33,197.55,30.77,31.36,High Yield
401,56.05,Corn,5.66,1402.46,31.64,381.71,15.73,6.11,Low Yield
402,451.76,Corn,7.86,754.58,12.57,66.52,40.73,24.44,Low Yield
403,255.1,Corn,6.1,325.69,13.15,263.65,26.89,2.34,Low Yield
404,414.1,Corn,6.28,1940.53,34.48,201.35,20.03,20.41,Low Yield
405,163.42,Rice,5.99,726.52,26.85,464.24,9.81,7.04,Low Yield
406,448.28,Rice,6.49,1449.24,31.17,55.4,15.75,8.13,Low Yield
407,197.65,Corn,7.77,1501.27,18.11,298.77,47.72,15.24,Low Yield
408,10.36,Rice,7.06,1337.01,26.91,383.3,18.73,17.87,Low Yield
409,453.16,Wheat,6.11,831.94,24.86,268.26,12.6,25.3,Low Yield
410,50.19,Wheat,8.13,760.86,25.08,88.43,25.73,3.9,Low Yield
411,163.06,Wheat,8.14,1316.04,27.06,487.61,18.82,20.64,Low Yield
412,475.28,Corn,8.11,1772.36,24.38,283.1,6.58,8.12,Low Yield
413,475.55,Wheat,6.22,1909.45,20.73,326.38,19.54,23.39,Low Yield
414,288.85,Rice,6.85,480.04,16.9,156.47,29.48,25.86,Low Yield
415,317.76,Corn,8.45,563.21,29.21,267.57,29.83,22.71,Low Yield
416,226.98,Rice,7.82,1906.05,15.66,243.12,21.05,29.79,High Yield
417,150.14,Wheat,5.58,1552.11,27.31,83.7,25.13,14.09,Low Yield
418,167.69,Wheat,5.7,1801.09,15.83,97.77,48.45,30.84,Low Yield
419,337.9,Wheat,6.89,644.48,25.63,426.86,21.98,17.88,Low Yield
420,377.43,Corn,8.23,1298.9,28.68,157.92,16.62,19.88,Low Yield
421,396.83,Rice,7.12,1491.94,15.47,137.73,15.96,26.28,Low Yield
422,395.86,Corn,6.99,1456.19,11.5,277.21,25.6,1.72,Low Yield
423,50.15,Corn,5.82,993.86,13.27,395.94,39.18,26.51,Low Yield
424,249.74,Wheat,7.47,326.17,25.15,77.88,14.27,25.12,Low Yield
425,33.49,Corn,7.97,1290.97,31.24,309.56,36.92,13.08,Low Yield
426,277.02,Corn,6.64,730.27,11.12,103.64,5.95,4.35,Low Yield
427,223.56,Wheat,7.83,1065.43,28.35,66.41,23.85,4.55,Low Yield
428,444.41,Corn,8.39,1927.89,18.53,73.73,39.91,37.01,Low Yield
429,178.7,Wheat,6.11,978.36,21.96,425.37,20.24,27.88,Low Yield
430,62.95,Wheat,7.07,1727.66,33.22,103.09,30.37,5.96,Low Yield
431,75.78,Wheat,6.36,620.52,18.3,70.32,14.22,14.91,Low Yield
432,381.95,Wheat,7.88,1443.18,21.63,247.05,38.39,24.11,High Yield
433,311.02,Corn,7.23,1960.91,10.34,429.8,7.35,33.59,Low Yield
434,55.06,Wheat,7.4,473.22,12.04,168.08,43.36,2.7,Low Yield
435,46.63,Wheat,7.89,314.14,16.46,239.77,13.92,10.23,Low Yield
436,351.98,Corn,6.69,1037.09,10.7,67.97,44.35,35.7,Low Yield
437,41.02,Corn,8.25,457.46,25.78,252.09,20.86,1.36,Low Yield
438,411.82,Rice,7.1,1572.25,20.66,309.93,37.52,8.85,Low Yield
439,354.59,Corn,5.97,1854.73,23.7,306.91,19.37,38.4,Low Yield
440,45.27,Corn,7.59,1037.84,14.37,199.59,45.77,24.92,Low Yield
441,46.99,Rice,7.88,739.81,17.4,191.99,10.7,11.21,Low Yield
442,493.39,Corn,6.45,1038.49,26.6,97.98,13.03,3.61,Low Yield
443,190.26,Corn,8.07,1529.86,34.13,215.06,27.19,2.1,Low Yield
444,188.47,Corn,8.22,315.39,11.26,94.77,8.69,10.55,Low Yield
445,407.34,Corn,6.33,1302.07,32.26,394.97,13.82,35.38,Low Yield
446,473.89,Rice,8.45,1342.6,24.42,484.82,47.47,17.22,High Yield
447,493.07,Corn,5.92,1384.07,24.1,486.53,48.94,29.09,Low Yield
448,377.92,Corn,6.11,711.44,22.51,439.28,21.93,36.81,Low Yield
449,191.25,Rice,6.05,1513.89,11.73,320.36,46.55,16.91,Low Yield
450,46.33,Wheat,8.18,455.37,12.25,365.39,29.52,8.46,Low Yield
451,389.69,Rice,7.46,638.76,25.02,178.34,17.14,21.17,Low Yield
452,281.41,Wheat,5.96,1791.7,18.52,333.85,36.61,36.42,Low Yield
453,214.99,Rice,6.82,1555.83,32.93,255.04,34.65,32.37,High Yield
454,453.65,Rice,7.35,323.37,20.16,266.91,49.51,3.57,Low Yield
455,60.04,Corn,5.75,722.24,13.58,391.0,16.93,28.01,Low Yield
456,248.85,Wheat,8.15,664.49,27.87,176.86,35.24,23.3,Low Yield
457,10.62,Corn,7.91,760.37,17.33,193.12,7.34,36.39,Low Yield
458,236.99,Wheat,7.02,720.85,23.14,466.09,10.11,5.78,Low Yield
459,32.87,Rice,8.4,406.29,27.45,75.3,5.18,21.83,Low Yield
460,63.81,Rice,6.75,1080.2,32.51,268.54,49.98,35.3,Low Yield
461,63.18,Wheat,8.45,1545.65,29.8,460.76,41.1,16.99,Low Yield
462,326.36,Corn,7.5,1331.44,26.91,324.66,40.4,19.8,High Yield
463,374.29,Corn,7.4,1443.88,26.99,295.88,27.94,3.75,Low Yield
464,293.77,Corn,6.0,437.95,33.65,162.38,18.5,11.85,Low Yield
465,481.28,Corn,8.15,1917.53,17.4,204.47,11.81,13.66,Low Yield
466,190.56,Rice,6.78,1725.44,10.03,433.42,17.81,37.86,Low Yield
467,146.43,Rice,5.99,1668.65,16.8,301.65,21.92,12.02,Low Yield
468,434.96,Rice,5.54,1699.07,15.45,281.63,39.03,18.97,Low Yield
469,115.68,Rice,7.18,1885.61,26.55,94.81,29.28,27.18,Low Yield
470,481.8,Rice,7.08,1225.23,25.84,57.21,8.49,7.33,Low Yield
471,11.02,Corn,7.66,640.48,24.84,483.66,5.81,19.97,Low Yield
472,485.09,Corn,8.17,1348.53,10.41,219.64,9.6,29.8,Low Yield
473,26.36,Corn,5.74,1562.9,28.22,321.45,23.47,34.81,Low Yield
474,446.12,Corn,7.69,1554.46,18.09,85.87,46.99,25.42,Low Yield
475,266.21,Rice,6.06,1186.46,26.63,357.4,33.68,27.09,Low Yield
476,496.52,Rice,8.07,416.38,23.91,469.66,41.08,5.93,Low Yield
477,41.53,Rice,7.96,930.89,18.57,309.05,25.99,37.89,Low Yield
478,279.16,Wheat,7.12,1865.3,13.36,106.75,21.27,6.17,Low Yield
479,484.8,Corn,7.63,1293.56,12.36,311.77,9.88,31.21,Low Yield
480,263.93,Corn,6.44,1215.16,30.79,394.86,44.42,11.33,Low Yield
481,316.55,Rice,6.91,757.05,32.96,232.89,40.24,37.41,Low Yield
482,349.4,Corn,7.96,926.36,26.24,445.93,12.57,29.08,Low Yield
483,230.0,Corn,6.88,1822.09,12.59,341.91,28.05,30.4,Low Yield
484,315.64,Rice,6.57,1432.99,20.05,454.66,26.93,9.54,Low Yield
485,294.24,Wheat,6.98,1638.56,28.22,330.58,33.13,18.28,High Yield
486,451.07,Wheat,7.98,1072.39,29.5,109.08,47.58,25.09,Low Yield
487,27.5,Wheat,6.51,1371.42,12.96,189.36,31.09,31.03,Low Yield
488,144.08,Rice,6.02,722.25,10.0,140.81,29.31,5.05,Low Yield
489,475.45,Corn,7.64,1499.28,27.8,458.97,7.26,38.53,Low Yield
490,445.68,Rice,7.98,1026.92,18.91,392.18,7.83,35.72,Low Yield
491,230.55,Rice,5.8,1052.33,16.36,354.38,13.43,11.54,Low Yield
492,311.97,Corn,6.22,1403.85,10.32,185.43,6.46,33.09,Low Yield
493,142.3,Wheat,5.93,1891.68,23.51,132.82,38.45,21.21,Low Yield
494,98.12,Wheat,6.54,408.81,31.28,390.4,37.55,19.01,Low Yield
495,234.53,Rice,6.85,1702.06,33.94,263.37,11.12,13.26,Low Yield
496,179.91,Wheat,7.75,797.05,24.14,151.61,42.62,23.66,Low Yield
497,293.91,Rice,7.45,1054.66,22.86,327.48,11.97,29.47,Low Yield
498,43.48,Rice,7.36,337.25,12.13,68.15,18.55,17.03,Low Yield
499,487.33,Corn,6.56,811.78,23.72,196.78,16.2,25.54,Low Yield
500,493.17,Corn,8.02,1154.47,19.5,260.85,21.75,28.27,High Yield
501,350.59,Corn,6.91,395.5,25.18,116.58,16.46,28.73,Low Yield
502,270.37,Rice,8.44,1134.86,19.72,493.09,27.0,3.03,Low Yield
503,158.22,Corn,7.4,1876.09,16.01,144.09,23.33,34.53,Low Yield
504,407.83,Wheat,5.88,479.17,12.37,108.66,49.4,18.87,Low Yield
505,343.94,Wheat,7.53,1599.55,17.87,141.59,7.52,11.23,Low Yield
506,85.5,Rice,6.48,996.44,12.42,396.08,11.4,10.43,Low Yield
507,455.91,Rice,7.56,1413.8,14.42,241.48,7.38,19.84,Low Yield
508,412.16,Corn,5.71,742.4,34.68,304.44,33.16,35.59,Low Yield
509,475.15,Rice,6.02,571.14,21.1,59.45,7.45,15.76,Low Yield
510,364.23,Rice,8.07,572.79,23.3,65.49,42.64,30.24,Low Yield
511,308.64,Wheat,6.18,419.84,31.84,250.62,28.04,4.78,Low Yield
512,212.03,Wheat,8.01,615.6,34.89,417.49,28.72,19.57,Low Yield
513,466.7,Corn,6.34,1429.17,24.57,448.36,30.27,39.68,Low Yield
514,433.7,Rice,7.43,1798.87,30.31,89.02,12.69,31.05,Low Yield
515,27.38,Rice,7.58,1684.01,18.17,292.26,13.9,9.21,Low Yield
516,18.05,Wheat,7.04,1464.73,17.64,460.95,19.35,20.56,Low Yield
517,191.35,Rice,6.42,487.73,20.07,224.59,31.71,10.11,Low Yield
518,406.22,Wheat,6.14,791.62,26.81,423.3,14.46,16.97,Low Yield
519,493.7,Corn,5.6,826.67,27.05,110.16,10.23,31.42,Low Yield
520,79.46,Wheat,6.41,724.93,17.88,470.93,48.66,31.08,Low Yield
521,299.09,Rice,7.46,1175.51,13.33,388.14,5.99,9.9,Low Yield
522,193.54,Corn,8.31,1210.44,25.81,473.6,41.12,36.97,Low Yield
523,485.11,Wheat,8.11,906.71,13.21,354.48,40.46,24.11,Low Yield
524,421.85,Wheat,7.8,901.44,24.46,213.53,18.37,15.82,Low Yield
525,419.97,Corn,7.87,1708.54,27.34,472.18,11.1,20.58,Low Yield
526,237.0,Corn,7.49,1641.8,27.52,174.01,11.55,24.6,Low Yield
527,210.34,Wheat,6.28,823.25,28.84,199.48,36.38,22.84,Low Yield
528,140.34,Rice,8.22,1853.44,31.82,365.36,33.93,19.97,Low Yield
529,32.91,Wheat,7.51,1919.79,22.5,394.39,40.22,20.69,Low Yield
530,433.04,Corn,7.18,855.46,28.26,468.23,47.19,7.88,Low Yield
531,407.39,Wheat,5.83,902.52,25.48,142.16,36.14,32.7,Low Yield
532,499.86,Corn,6.84,1159.58,14.67,409.1,12.01,22.13,Low Yield
533,498.34,Corn,6.88,1899.91,10.64,382.35,15.95,6.11,Low Yield
534,279.94,Rice,8.09,1789.74,17.11,78.71,42.9,30.88,Low Yield
535,385.65,Corn,7.14,474.37,21.08,224.25,14.42,37.37,Low Yield
536,472.66,Corn,6.64,967.64,25.43,177.24,8.26,37.94,Low Yield
537,425.58,Rice,8.43,1240.73,31.25,187.02,36.65,15.39,High Yield
538,127.44,Corn,5.83,1155.33,14.91,492.33,23.11,6.29,Low Yield
539,228.02,Rice,6.77,629.57,13.14,339.25,46.4,21.22,Low Yield
540,68.93,Rice,5.63,1759.99,34.09,372.95,34.26,5.39,Low Yield
541,477.26,Corn,7.72,1450.8,12.7,489.48,9.07,37.43,Low Yield
542,305.06,Corn,8.25,1724.44,21.96,219.74,47.65,8.16,Low Yield
543,118.18,Wheat,6.34,1759.9,24.64,410.83,16.64,10.86,Low Yield
544,337.49,Rice,8.08,1572.2,23.53,245.54,20.17,16.86,High Yield
545,310.97,Wheat,6.38,1046.66,12.15,441.29,23.1,15.94,Low Yield
546,182.29,Corn,8.23,1337.93,11.43,131.3,7.31,31.99,Low Yield
547,61.21,Wheat,7.76,572.62,12.64,476.46,27.34,18.8,Low Yield
548,337.43,Rice,7.91,1445.2,24.64,148.45,10.55,7.66,Low Yield
549,262.55,Wheat,5.55,604.73,23.61,196.8,23.04,11.42,Low Yield
550,387.3,Rice,8.39,1479.71,15.84,390.29,20.78,20.86,High Yield
551,262.48,Corn,7.68,690.32,25.94,227.19,39.78,6.75,Low Yield
552,426.83,Corn,6.41,499.84,30.5,323.7,41.14,24.85,Low Yield
553,278.19,Rice,7.99,580.98,11.04,250.06,11.9,23.06,Low Yield
554,282.66,Corn,6.34,303.39,22.45,384.07,21.49,28.87,Low Yield
555,438.94,Corn,8.12,1521.86,27.23,152.75,21.8,37.57,High Yield
556,204.72,Corn,5.84,1545.08,16.31,76.31,11.81,36.58,Low Yield
557,71.34,Corn,7.61,1175.39,17.69,184.97,40.93,37.9,Low Yield
558,19.25,Rice,7.12,574.32,25.34,263.44,36.83,10.54,Low Yield
559,378.79,Wheat,5.79,442.04,32.45,125.61,13.57,6.13,Low Yield
560,312.05,Wheat,6.23,332.52,30.25,209.66,21.5,12.79,Low Yield
561,353.52,Corn,5.54,581.77,24.58,229.99,9.76,35.91,Low Yield
562,110.42,Wheat,6.91,1814.45,28.26,75.83,33.27,38.91,Low Yield
563,72.5,Wheat,6.4,710.61,19.12,312.49,10.46,34.51,Low Yield
564,12.2,Corn,7.3,902.26,26.02,447.95,49.37,5.29,Low Yield
565,178.54,Corn,6.39,479.09,21.65,118.28,40.13,37.95,Low Yield
566,297.01,Wheat,6.4,678.01,14.75,319.01,22.56,17.51,Low Yield
567,199.16,Rice,7.73,1182.68,27.54,349.13,31.04,1.36,Low Yield
568,221.55,Corn,5.64,1333.18,23.91,238.7,46.01,18.25,Low Yield
569,452.56,Rice,8.21,717.1,18.97,365.49,29.93,2.8,Low Yield
570,177.39,Wheat,8.06,398.14,32.78,234.83,12.85,22.21,Low Yield
571,259.42,Corn,7.5,964.76,10.52,277.09,22.04,14.2,Low Yield
572,392.91,Rice,7.28,698.15,17.89,53.31,42.94,19.46,Low Yield
573,201.29,Corn,8.18,673.24,11.42,361.27,33.99,24.91,Low Yield
574,312.93,Wheat,6.06,1931.77,29.16,347.6,34.28,34.88,Low Yield
575,431.87,Rice,5.74,1347.71,27.55,67.28,44.01,26.81,Low Yield
576,475.01,Wheat,6.22,1246.69,18.28,215.71,45.23,17.93,Low Yield
577,77.8,Wheat,7.88,1006.82,26.89,490.56,46.39,32.96,Low Yield
578,463.66,Corn,5.6,1029.21,19.9,239.33,9.27,36.32,Low Yield
579,248.6,Rice,7.25,1219.54,28.91,275.88,29.49,5.67,Low Yield
580,132.83,Wheat,8.49,1483.93,21.35,459.47,38.32,21.75,Low Yield
581,232.27,Wheat,8.07,1493.65,20.31,372.77,39.06,12.1,High Yield
582,490.12,Rice,7.06,591.88,33.37,311.93,32.3,2.84,Low Yield
583,248.85,Wheat,5.69,1150.19,16.27,409.01,12.51,27.07,Low Yield
584,167.73,Wheat,7.99,1000.33,13.01,438.96,40.88,34.65,Low Yield
585,318.53,Rice,7.3,1779.9,24.61,255.6,37.41,7.35,Low Yield
586,123.87,Rice,5.84,1373.41,34.23,263.8,8.88,32.68,Low Yield
587,42.55,Rice,5.78,1205.26,19.45,223.72,25.87,34.28,Low Yield
588,68.8,Rice,8.23,496.17,11.55,485.02,12.83,36.66,Low Yield
589,68.38,Corn,7.51,1329.58,18.48,363.72,20.19,11.35,Low Yield
590,80.19,Rice,7.99,499.25,22.65,87.45,5.81,36.25,Low Yield
591,73.72,Corn,8.14,873.25,14.05,438.33,23.01,13.51,Low Yield
592,322.23,Corn,7.22,542.83,26.45,266.25,29.74,22.54,Low Yield
593,95.03,Corn,7.05,1476.53,34.94,80.94,32.88,2.97,Low Yield
594,176.11,Wheat,6.79,650.63,21.29,297.37,34.86,2.71,Low Yield
595,448.91,Corn,6.45,966.16,18.87,237.72,42.63,29.09,Low Yield
596,239.61,Corn,6.8,1822.65,20.02,444.99,14.7,18.33,Low Yield
597,335.44,Wheat,7.82,647.34,12.88,141.8,10.42,11.0,Low Yield
598,90.3,Wheat,7.31,1163.27,32.08,421.91,43.32,8.43,Low Yield
599,100.18,Wheat,8.18,1012.76,20.37,300.96,12.05,27.13,Low Yield
600,25.23,Rice,6.83,330.81,19.68,74.57,48.86,1.02,Low Yield
601,88.62,Wheat,7.32,1647.69,26.49,487.33,42.91,32.43,Low Yield
602,142.9,Wheat,7.39,417.38,21.05,280.68,27.54,4.09,Low Yield
603,92.62,Corn,7.28,1106.23,26.21,180.89,49.16,8.47,Low Yield
604,48.91,Wheat,7.61,1253.15,11.54,261.23,9.38,16.06,Low Yield
605,64.71,Rice,6.21,1368.32,30.34,436.04,18.64,19.91,Low Yield
606,233.09,Wheat,7.04,1470.67,33.51,187.21,33.72,14.84,High Yield
607,107.14,Rice,5.81,730.56,26.22,136.7,20.75,13.51,Low Yield
608,185.31,Wheat,6.65,316.96,33.86,108.08,46.78,38.59,Low Yield
609,254.19,Wheat,6.96,1529.85,13.79,184.04,7.95,26.02,Low Yield
610,346.75,Wheat,7.46,1210.62,21.94,401.02,29.72,1.91,Low Yield
611,24.46,Wheat,8.35,1721.4,25.05,262.23,31.59,17.78,Low Yield
612,400.71,Rice,7.3,1696.36,24.54,152.37,34.37,35.13,High Yield
613,315.81,Rice,7.73,1733.65,20.04,124.78,16.5,12.76,Low Yield
614,45.47,Corn,7.02,1124.66,18.45,199.73,21.41,4.69,Low Yield
615,437.42,Rice,7.4,867.17,13.17,472.97,42.97,30.58,Low Yield
616,460.83,Wheat,5.71,1645.65,19.79,204.36,13.77,24.63,Low Yield
617,35.23,Corn,6.26,1067.2,14.07,494.66,42.21,23.24,Low Yield
618,142.05,Corn,6.59,611.85,28.36,268.35,30.32,3.09,Low Yield
619,404.07,Corn,6.92,1753.46,15.22,130.62,39.3,6.48,Low Yield
620,375.39,Wheat,5.64,1800.35,11.46,451.01,37.11,25.28,Low Yield
621,96.34,Rice,5.92,1092.73,23.81,257.16,14.34,9.11,Low Yield
622,108.63,Wheat,6.33,428.69,24.88,369.35,30.6,20.66,Low Yield
623,188.38,Corn,8.41,959.3,31.8,492.67,44.05,22.25,Low Yield
624,244.84,Wheat,6.49,1666.01,24.42,72.58,24.45,12.06,Low Yield
625,311.04,Wheat,6.95,1833.02,18.64,93.51,48.5,37.99,Low Yield
626,187.61,Rice,6.09,645.9,30.08,374.21,25.35,33.86,Low Yield
627,233.95,Rice,7.33,413.86,23.51,176.82,11.43,29.17,Low Yield
628,375.0,Corn,6.34,1791.5,11.98,132.94,22.52,4.04,Low Yield
629,23.16,Wheat,6.12,961.99,24.15,67.71,47.83,5.14,Low Yield
630,129.96,Wheat,7.05,1220.99,32.7,59.83,19.39,20.22,Low Yield
631,358.11,Rice,5.52,1945.71,19.91,398.52,44.06,7.27,Low Yield
632,448.13,Wheat,5.52,413.16,17.41,110.5,44.66,39.15,Low Yield
633,258.28,Wheat,6.16,1402.14,13.59,260.47,20.76,7.18,Low Yield
634,268.4,Wheat,5.61,425.98,13.79,322.65,8.75,20.01,Low Yield
635,58.05,Rice,5.82,938.3,20.82,242.76,37.61,15.2,Low Yield
636,226.47,Corn,6.52,1666.48,24.89,62.2,19.02,25.94,Low Yield
637,268.65,Corn,7.91,1036.9,12.02,402.58,40.23,6.03,Low Yield
638,125.02,Wheat,7.22,1995.21,33.49,54.73,24.92,17.78,Low Yield
639,138.28,Corn,7.04,1250.4,28.88,392.85,26.84,11.71,Low Yield
640,191.76,Rice,6.38,845.98,24.67,451.99,40.01,35.62,Low Yield
641,14.94,Rice,8.3,674.19,30.71,244.78,22.21,2.58,Low Yield
642,164.43,Corn,6.69,895.88,12.0,290.99,24.94,36.64,Low Yield
643,109.67,Corn,5.76,933.31,21.92,264.64,21.93,33.49,Low Yield
644,167.11,Wheat,7.35,416.81,25.75,225.14,21.53,12.61,Low Yield
645,64.28,Corn,5.84,928.28,30.72,449.34,28.67,31.78,Low Yield
646,445.81,Wheat,6.54,1089.21,29.59,452.27,41.4,2.22,Low Yield
647,298.83,Wheat,7.02,1528.65,16.93,201.12,21.28,38.71,High Yield
648,341.16,Rice,8.12,1416.44,33.52,326.78,28.59,21.54,High Yield
649,395.64,Rice,6.98,1504.9,13.11,467.11,35.18,12.83,Low Yield
650,251.73,Rice,7.61,314.22,31.88,482.93,17.12,15.14,Low Yield
651,48.03,Rice,8.48,670.03,34.27,279.03,17.49,3.59,Low Yield
652,270.87,Corn,5.89,1424.86,14.43,253.77,47.0,39.58,Low Yield
653,295.49,Rice,6.32,1122.78,28.05,175.41,37.56,2.53,Low Yield
654,373.99,Corn,6.68,309.03,11.01,481.49,30.97,26.54,Low Yield
655,218.67,Rice,6.77,1667.64,20.14,114.27,34.15,18.27,Low Yield
656,68.15,Corn,6.73,1613.78,22.91,310.92,6.32,38.01,Low Yield
657,145.47,Wheat,8.22,1232.31,24.52,177.15,32.81,10.59,Low Yield
658,184.73,Corn,7.64,412.99,33.4,175.55,27.93,21.75,Low Yield
659,324.73,Corn,7.32,1603.08,26.81,232.24,29.56,19.81,High Yield
660,287.54,Rice,6.43,1292.31,22.03,499.46,21.17,28.41,Low Yield
661,181.27,Corn,7.97,1629.33,30.24,74.73,8.67,3.65,Low Yield
662,493.33,Wheat,8.37,1577.97,33.76,310.34,13.7,8.56,Low Yield
663,304.86,Wheat,7.96,1665.1,10.55,87.16,47.78,9.37,Low Yield
664,122.43,Rice,5.5,1180.61,34.56,119.53,23.39,29.79,Low Yield
665,55.38,Wheat,7.41,538.55,12.15,247.8,26.0,8.38,Low Yield
666,80.67,Corn,5.65,1440.97,30.36,279.71,7.37,23.37,Low Yield
667,126.75,Wheat,6.27,1354.81,17.01,166.46,6.69,9.39,Low Yield
668,84.54,Rice,5.68,1561.83,13.3,192.41,37.27,34.6,Low Yield
669,97.35,Corn,7.31,588.8,21.0,89.14,29.21,37.75,Low Yield
670,146.12,Rice,7.56,631.46,26.1,186.45,27.89,21.22,Low Yield
671,90.82,Corn,5.84,1813.7,19.52,484.95,15.94,14.74,Low Yield
672,448.9,Wheat,6.65,1574.96,11.36,475.12,38.51,10.13,Low Yield
673,44.72,Rice,6.87,1843.99,24.99,200.7,12.57,2.94,Low Yield
674,264.63,Rice,6.61,1589.82,32.56,306.88,13.55,11.47,Low Yield
675,208.15,Corn,5.86,1315.16,19.58,459.32,25.73,26.52,Low Yield
676,491.28,Rice,6.76,1412.03,15.41,52.78,17.88,21.81,Low Yield
677,60.46,Corn,7.75,1811.52,21.06,414.81,16.14,37.82,Low Yield
678,201.94,Corn,5.71,1283.97,11.21,476.77,34.04,16.45,Low Yield
679,484.89,Corn,5.74,1375.07,30.51,91.1,34.29,28.06,Low Yield
680,433.43,Corn,6.56,566.01,30.66,122.65,42.1,20.08,Low Yield
681,409.45,Wheat,8.33,1105.67,24.7,482.34,23.8,20.99,High Yield
682,132.66,Corn,7.51,1517.88,18.83,291.89,8.29,11.44,Low Yield
683,89.59,Rice,7.54,760.6,29.99,56.39,17.31,18.74,Low Yield
684,335.98,Wheat,6.59,643.83,23.87,165.93,49.1,19.36,Low Yield
685,465.04,Rice,7.28,833.51,30.65,252.47,31.83,28.56,High Yield
686,280.6,Wheat,5.53,710.55,25.79,361.81,36.94,37.68,Low Yield
687,287.95,Corn,7.41,665.35,29.61,379.92,5.33,13.84,Low Yield
688,143.59,Wheat,8.24,1022.25,24.96,497.94,28.32,2.65,Low Yield
689,385.9,Wheat,7.34,1843.33,20.35,179.38,6.69,20.36,Low Yield
690,97.59,Rice,8.12,1162.0,33.95,292.2,30.62,22.23,Low Yield
691,165.22,Rice,7.67,619.46,23.53,290.0,46.43,7.57,Low Yield
692,215.59,Corn,5.86,430.85,25.13,232.54,48.58,30.66,Low Yield
693,256.27,Wheat,8.21,1483.47,15.51,126.12,29.32,39.41,Low Yield
694,124.99,Wheat,5.7,950.76,25.64,489.86,25.62,37.89,Low Yield
695,61.84,Wheat,7.1,1697.11,24.29,433.99,47.53,8.69,Low Yield
696,307.26,Corn,5.93,1421.17,14.62,274.25,35.31,35.14,Low Yield
697,147.87,Corn,5.54,1653.61,11.49,321.46,7.92,28.48,Low Yield
698,292.71,Corn,6.77,762.31,25.11,152.27,25.96,18.7,Low Yield
699,81.41,Corn,6.39,1477.01,29.09,294.7,15.81,22.08,Low Yield
700,243.16,Corn,6.96,748.91,23.09,362.74,26.14,34.13,Low Yield
701,268.63,Rice,7.23,1896.42,15.67,281.83,25.5,19.73,High Yield
702,30.65,Wheat,5.63,1381.84,26.66,495.63,31.2,15.56,Low Yield
703,171.62,Wheat,5.87,851.67,12.0,325.1,21.05,20.24,Low Yield
704,71.54,Wheat,7.18,758.17,21.05,216.94,12.39,23.59,Low Yield
705,36.37,Wheat,6.53,624.58,14.08,397.47,27.67,8.37,Low Yield
706,495.03,Wheat,7.69,1480.89,14.61,126.71,42.36,36.14,Low Yield
707,164.57,Wheat,7.46,671.82,15.06,223.03,34.88,27.29,Low Yield
708,405.89,Wheat,8.04,1312.02,19.67,206.13,20.23,25.7,High Yield
709,131.05,Wheat,7.58,749.88,11.28,244.31,47.1,4.88,Low Yield
710,342.34,Rice,6.79,1425.35,19.94,401.8,46.05,24.56,High Yield
711,381.31,Wheat,7.52,1685.4,22.79,267.88,14.42,5.72,Low Yield
712,299.84,Rice,6.33,1622.64,22.08,407.31,6.77,4.07,Low Yield
713,238.43,Corn,6.42,1593.45,19.57,309.42,38.36,21.57,Low Yield
714,208.86,Wheat,7.87,619.13,30.98,203.93,42.24,16.71,Low Yield
715,177.69,Corn,6.84,450.25,13.63,414.49,48.55,23.96,Low Yield
716,465.12,Corn,7.9,1488.21,22.64,157.23,45.04,4.48,Low Yield
717,416.16,Corn,7.97,926.19,11.55,150.97,32.02,17.81,Low Yield
718,482.69,Rice,8.07,1034.99,11.78,277.03,28.85,7.82,Low Yield
719,66.53,Corn,8.25,352.95,24.35,167.38,6.25,39.5,Low Yield
720,366.78,Corn,6.79,741.28,24.15,54.09,16.1,22.88,Low Yield
721,469.48,Corn,6.46,357.25,31.95,341.73,25.68,27.81,Low Yield
722,94.71,Wheat,7.25,1794.62,23.95,279.99,33.28,13.69,Low Yield
723,37.92,Wheat,6.61,713.77,33.99,250.48,30.08,4.69,Low Yield
724,371.85,Rice,7.3,1247.47,11.22,485.14,38.42,39.06,Low Yield
725,289.36,Rice,7.62,366.26,12.45,307.04,17.59,12.16,Low Yield
726,421.71,Wheat,7.57,1433.64,11.1,438.54,30.42,17.53,Low Yield
727,74.19,Rice,6.62,849.15,14.63,112.75,8.97,26.34,Low Yield
728,398.66,Wheat,6.0,1826.46,23.53,306.14,23.61,1.96,Low Yield
729,104.81,Corn,6.79,1809.8,26.14,440.59,38.76,32.6,Low Yield
730,86.01,Corn,5.93,852.99,11.14,312.4,36.2,21.93,Low Yield
731,86.31,Rice,8.17,1831.63,33.65,373.11,49.58,11.85,Low Yield
732,408.21,Wheat,6.54,1993.47,31.05,217.42,17.51,3.4,Low Yield
733,334.27,Wheat,5.96,1703.21,17.42,91.6,27.42,7.34,Low Yield
734,263.92,Rice,5.58,1736.28,11.93,256.06,19.83,35.91,Low Yield
735,182.62,Wheat,7.44,723.31,14.25,227.52,24.83,27.75,Low Yield
736,439.21,Corn,7.41,1280.39,13.17,440.18,43.56,10.75,Low Yield
737,199.26,Rice,6.52,414.34,13.08,159.8,35.79,3.56,Low Yield
738,409.22,Rice,5.72,461.36,22.96,485.03,44.71,27.93,Low Yield
739,222.37,Wheat,6.73,1998.12,16.15,481.16,14.16,23.32,Low Yield
740,191.59,Rice,6.43,855.29,18.95,161.43,44.3,16.78,Low Yield
741,234.03,Wheat,7.53,1571.91,34.74,206.62,7.69,15.18,Low Yield
742,154.18,Wheat,7.32,1671.33,27.11,453.0,44.99,9.46,Low Yield
743,375.07,Wheat,6.59,1758.64,33.72,484.98,19.81,27.11,Low Yield
744,253.85,Wheat,6.15,1995.97,13.56,249.55,19.16,38.86,Low Yield
745,119.95,Wheat,8.46,710.54,19.55,194.45,28.04,7.85,Low Yield
746,450.29,Rice,6.86,368.6,23.87,286.74,47.33,24.29,Low Yield
747,195.03,Corn,7.56,999.03,11.92,359.5,7.15,17.54,Low Yield
748,274.06,Corn,5.92,521.14,10.1,173.06,20.85,18.42,Low Yield
749,453.7,Rice,6.96,338.12,26.76,381.41,43.55,10.91,Low Yield
750,314.0,Rice,5.58,912.73,26.05,73.25,22.82,33.18,Low Yield
751,62.86,Corn,7.02,1632.36,20.27,72.18,13.96,19.92,Low Yield
752,470.22,Corn,8.39,1262.51,22.24,223.83,24.12,22.19,High Yield
753,315.72,Corn,6.65,831.72,20.39,209.06,22.35,12.89,High Yield
754,170.78,Corn,5.62,1412.38,10.6,192.03,46.19,8.09,Low Yield
755,73.94,Corn,5.59,694.43,18.38,270.96,39.29,4.35,Low Yield
756,398.04,Wheat,6.66,324.45,14.43,194.33,27.73,28.85,Low Yield
757,311.94,Rice,5.98,1599.4,12.46,136.52,49.48,8.65,Low Yield
758,269.06,Wheat,5.57,1360.36,33.92,189.26,25.94,27.91,Low Yield
759,447.48,Corn,7.77,1595.91,24.98,488.71,7.62,16.22,Low Yield
760,395.36,Corn,6.88,366.19,28.22,235.0,16.8,17.22,Low Yield
761,80.08,Corn,6.37,1723.1,17.88,250.12,24.62,19.3,Low Yield
762,159.3,Wheat,8.2,1353.19,19.83,309.45,12.06,15.34,Low Yield
763,128.0,Wheat,5.85,1257.77,15.92,492.5,47.64,4.92,Low Yield
764,373.25,Corn,8.37,1361.84,12.42,158.72,39.51,13.08,Low Yield
765,21.6,Wheat,6.44,1769.54,14.48,356.58,17.07,26.89,Low Yield
766,287.1,Wheat,8.17,1297.79,29.94,372.19,31.59,26.97,High Yield
767,382.42,Corn,7.31,1287.62,26.94,323.3,37.47,12.16,High Yield
768,439.0,Wheat,7.98,1984.15,23.67,89.86,47.36,18.94,Low Yield
769,174.33,Rice,8.45,1586.44,21.88,354.59,44.67,8.54,Low Yield
770,411.52,Rice,6.37,1051.9,33.06,78.84,28.18,9.2,Low Yield
771,59.76,Rice,8.38,1502.57,11.82,318.26,39.86,1.9,Low Yield
772,423.99,Rice,6.67,961.69,17.02,382.81,30.3,35.97,High Yield
773,68.11,Corn,6.66,689.09,18.75,144.94,29.87,9.22,Low Yield
774,201.66,Corn,6.52,1314.65,29.56,428.73,10.16,9.87,Low Yield
775,399.66,Corn,7.12,1877.91,34.81,63.66,10.68,11.9,Low Yield
776,79.21,Rice,5.96,1879.54,16.02,429.72,28.83,5.97,Low Yield
777,118.48,Rice,7.16,881.24,31.86,257.15,17.1,25.93,Low Yield
778,362.52,Wheat,7.13,1197.05,30.77,147.91,5.95,3.93,Low Yield
779,361.42,Wheat,7.79,659.78,15.62,110.2,37.53,6.23,Low Yield
780,322.37,Rice,8.0,1992.57,19.98,478.99,6.46,26.15,Low Yield
781,348.5,Rice,6.82,1967.9,20.24,82.7,31.79,14.25,Low Yield
782,273.65,Rice,6.41,1404.17,34.46,139.59,29.26,28.61,Low Yield
783,129.64,Rice,6.28,1667.5,14.52,206.52,48.6,22.74,Low Yield
784,176.12,Wheat,6.08,1515.67,29.98,329.11,26.79,10.98,Low Yield
785,94.89,Rice,5.67,1308.37,18.35,295.16,7.86,26.38,Low Yield
786,454.68,Wheat,6.53,390.69,28.27,106.54,29.83,5.53,Low Yield
787,293.78,Rice,6.31,1073.1,20.5,180.38,42.85,21.92,Low Yield
788,203.42,Rice,8.4,1447.14,24.46,157.44,49.86,18.05,High Yield
789,233.69,Rice,7.17,1451.8,30.82,146.09,24.37,11.45,Low Yield
790,473.91,Wheat,6.54,934.31,30.1,235.01,19.41,24.56,Low Yield
791,80.91,Wheat,7.24,1900.88,31.66,366.81,45.8,34.98,Low Yield
792,295.18,Corn,5.92,584.51,11.49,147.85,13.61,39.96,Low Yield
793,255.41,Rice,6.83,1150.61,27.3,215.01,32.69,24.7,High Yield
794,307.67,Corn,7.38,1474.5,13.5,225.91,23.26,16.78,Low Yield
795,13.96,Corn,6.97,1485.13,20.4,489.41,6.85,9.78,Low Yield
796,436.7,Wheat,6.71,1402.69,23.71,479.6,20.63,11.03,High Yield
797,466.4,Wheat,8.48,767.99,20.07,410.06,16.94,19.7,Low Yield
798,284.74,Corn,8.14,565.55,22.99,158.75,35.87,15.32,Low Yield
799,349.84,Rice,7.37,1381.1,34.91,80.62,47.7,36.64,Low Yield
800,461.64,Wheat,7.21,1318.81,13.38,192.61,17.06,15.36,Low Yield
801,355.08,Rice,7.36,604.91,26.89,170.06,41.52,15.56,Low Yield
802,80.51,Rice,6.1,1498.74,19.9,277.67,7.49,15.96,Low Yield
803,290.26,Corn,6.69,1073.79,13.33,399.98,29.22,33.63,Low Yield
804,305.32,Corn,5.62,1435.19,13.97,436.25,8.17,26.38,Low Yield
805,214.94,Corn,6.93,1723.52,33.73,430.19,47.03,24.95,High Yield
806,369.54,Corn,7.13,588.54,31.99,211.85,39.49,14.03,Low Yield
807,467.51,Wheat,6.18,332.55,32.68,359.26,34.61,32.9,Low Yield
808,463.16,Wheat,8.39,1624.47,34.79,190.78,42.08,2.5,Low Yield
809,228.17,Corn,8.23,1336.49,15.21,77.41,34.14,34.96,Low Yield
810,61.05,Wheat,7.67,1489.39,18.89,365.7,48.6,21.0,Low Yield
811,492.5,Corn,7.1,1724.86,26.73,54.42,37.13,16.53,Low Yield
812,420.25,Rice,8.11,1664.78,22.1,234.13,46.61,20.39,High Yield
813,66.71,Rice,5.89,1933.56,20.46,198.22,28.27,27.03,Low Yield
814,460.82,Rice,7.87,1211.09,18.95,362.02,10.27,1.5,Low Yield
815,435.6,Corn,5.87,1130.44,24.84,394.81,28.77,34.99,Low Yield
816,261.82,Rice,7.88,983.21,24.39,186.84,10.71,18.42,Low Yield
817,297.68,Wheat,6.33,561.27,14.04,415.23,31.66,14.38,Low Yield
818,202.51,Rice,8.13,1273.43,21.79,182.26,26.71,6.39,Low Yield
819,32.11,Rice,8.33,770.92,23.84,250.85,33.02,18.14,Low Yield
820,170.92,Rice,5.95,1866.22,24.26,377.16,5.45,20.36,Low Yield
821,402.41,Wheat,6.89,1291.42,15.25,361.81,13.77,16.74,Low Yield
822,7.29,Corn,8.44,1307.83,28.56,494.32,27.11,27.47,Low Yield
823,170.08,Wheat,6.95,903.37,10.63,151.32,47.77,17.41,Low Yield
824,202.09,Corn,8.09,388.38,18.87,348.04,22.26,38.5,Low Yield
825,271.01,Corn,7.27,353.96,29.51,324.36,24.1,24.37,Low Yield
826,460.33,Rice,6.63,1019.67,24.1,461.79,37.16,32.49,High Yield
827,176.44,Corn,6.36,443.76,16.53,120.36,32.17,5.26,Low Yield
828,176.74,Wheat,6.11,1331.64,27.37,388.31,18.45,16.49,Low Yield
829,370.06,Wheat,7.79,1797.65,24.18,305.72,23.49,14.14,High Yield
830,228.85,Corn,6.66,1800.96,29.91,173.6,14.8,23.21,Low Yield
831,116.18,Rice,7.03,1420.38,28.38,263.5,48.47,34.58,Low Yield
832,228.96,Rice,6.98,659.09,25.25,200.2,10.88,4.06,Low Yield
833,74.72,Wheat,7.23,1767.09,22.2,310.69,21.73,3.83,Low Yield
834,92.31,Rice,8.1,1806.36,13.33,450.05,6.16,34.16,Low Yield
835,251.69,Corn,8.44,634.31,16.53,306.19,14.98,9.3,Low Yield
836,212.37,Corn,6.72,1553.62,20.48,334.28,40.12,27.08,High Yield
837,457.85,Wheat,7.98,787.08,24.98,283.44,14.05,22.17,Low Yield
838,184.38,Corn,7.79,1664.49,22.84,73.02,8.6,33.48,Low Yield
839,292.39,Wheat,7.22,1995.3,17.2,154.79,26.35,5.88,Low Yield
840,317.97,Corn,8.37,351.04,10.16,271.4,5.45,6.06,Low Yield
841,11.48,Wheat,6.1,1825.52,22.41,189.61,8.81,22.72,Low Yield
842,333.45,Rice,5.83,1358.47,17.14,131.79,41.34,37.91,Low Yield
843,93.13,Corn,8.06,1954.75,28.37,276.86,39.72,17.18,Low Yield
844,480.73,Corn,6.82,1090.52,10.6,195.26,46.18,13.75,Low Yield
845,78.59,Wheat,8.04,1740.56,24.62,166.15,43.45,24.66,Low Yield
846,210.24,Wheat,8.18,406.07,33.54,258.79,35.74,37.29,Low Yield
847,47.25,Corn,5.69,869.97,14.36,109.98,7.35,33.64,Low Yield
848,498.45,Wheat,8.15,413.93,21.79,467.49,40.23,39.82,Low Yield
849,253.59,Corn,6.84,1958.08,12.29,440.47,43.05,1.88,Low Yield
850,299.72,Rice,7.03,1688.86,25.64,368.43,40.96,5.4,Low Yield
851,38.2,Wheat,7.38,1749.33,23.76,97.8,27.88,24.77,Low Yield
852,376.23,Corn,8.28,1894.54,20.18,399.14,15.48,33.0,Low Yield
853,108.9,Rice,5.56,444.68,23.03,413.58,43.04,12.12,Low Yield
854,449.54,Rice,6.93,955.52,32.41,395.49,37.72,10.33,High Yield
855,106.54,Corn,7.56,420.76,14.91,101.28,49.13,31.69,Low Yield
856,99.39,Wheat,7.67,658.35,10.56,339.76,12.01,3.2,Low Yield
857,23.09,Corn,7.58,689.92,31.54,425.45,15.15,15.41,Low Yield
858,238.67,Rice,5.9,1097.48,24.43,309.81,14.53,20.73,Low Yield
859,284.6,Corn,6.4,756.56,32.27,340.88,40.66,22.85,Low Yield
860,37.53,Wheat,6.58,471.66,24.92,256.26,13.41,29.42,Low Yield
861,388.89,Rice,7.91,584.73,30.25,287.92,8.0,14.84,Low Yield
862,229.38,Corn,6.34,550.37,20.74,65.47,49.94,24.89,Low Yield
863,264.57,Wheat,6.13,1954.23,28.75,337.53,6.12,23.83,Low Yield
864,223.18,Rice,8.37,1590.8,32.83,86.65,42.59,22.36,Low Yield
865,203.38,Wheat,5.53,1945.19,24.3,245.76,21.44,25.98,Low Yield
866,282.02,Rice,8.49,1047.56,14.52,181.69,42.87,11.12,Low Yield
867,81.84,Corn,7.53,773.23,16.72,295.44,29.96,4.3,Low Yield
868,95.05,Wheat,7.99,1657.1,14.97,110.04,45.57,5.65,Low Yield
869,431.58,Rice,6.38,854.63,16.17,361.24,46.68,9.76,Low Yield
870,473.33,Wheat,5.54,808.95,17.66,407.76,5.41,20.51,Low Yield
871,189.79,Wheat,7.71,695.26,23.88,123.51,8.39,33.78,Low Yield
872,139.02,Corn,8.0,520.45,24.7,96.94,16.27,28.35,Low Yield
873,323.78,Wheat,7.72,735.99,20.66,115.48,35.12,31.77,Low Yield
874,207.32,Rice,5.93,904.04,25.39,444.71,44.97,14.69,Low Yield
875,17.57,Rice,7.76,1445.79,12.04,287.69,25.7,16.78,Low Yield
876,82.3,Rice,7.81,406.36,12.19,260.27,32.31,16.35,Low Yield
877,359.41,Rice,7.48,657.86,14.3,98.02,13.48,8.48,Low Yield
878,331.17,Corn,7.8,1675.34,22.95,342.3,41.22,3.39,Low Yield
879,18.41,Wheat,8.04,549.77,15.35,440.6,48.53,24.05,Low Yield
880,114.88,Corn,7.34,882.5,17.08,422.68,17.09,39.58,Low Yield
881,119.38,Wheat,5.77,1769.92,20.01,331.72,27.27,7.51,Low Yield
882,337.59,Wheat,6.96,563.37,30.3,83.88,8.88,2.82,Low Yield
883,14.76,Wheat,5.73,440.65,10.35,100.58,30.16,31.4,Low Yield
884,56.53,Corn,6.72,1123.71,26.23,72.19,27.63,10.85,Low Yield
885,400.96,Wheat,6.72,814.11,26.72,165.87,11.5,33.36,Low Yield
886,93.38,Corn,5.7,1257.79,29.97,111.05,24.89,28.45,Low Yield
887,328.11,Rice,6.55,1666.47,33.32,167.02,20.03,37.88,High Yield
888,122.9,Rice,5.83,533.15,10.5,223.28,28.48,16.95,Low Yield
889,54.22,Wheat,7.92,1287.19,13.84,474.34,31.35,26.82,Low Yield
890,125.37,Corn,8.34,1159.36,32.15,324.67,5.38,19.13,Low Yield
891,362.52,Rice,5.72,544.93,21.46,425.74,39.25,25.59,Low Yield
892,428.57,Corn,8.37,1360.8,24.11,369.66,37.09,18.53,High Yield
893,415.96,Corn,7.07,765.19,26.58,100.63,21.48,8.36,Low Yield
894,201.61,Wheat,6.4,1129.32,26.98,381.16,7.38,20.81,Low Yield
895,335.7,Rice,5.73,439.86,33.29,173.79,38.97,21.61,Low Yield
896,106.47,Wheat,7.0,1081.29,34.92,337.6,47.98,32.61,Low Yield
897,150.11,Wheat,7.88,820.99,28.0,203.43,15.81,29.69,Low Yield
898,448.69,Rice,7.62,1698.05,17.18,498.95,19.56,26.89,Low Yield
899,11.44,Rice,5.65,396.86,31.99,168.6,13.27,5.42,Low Yield
900,47.33,Corn,5.72,1011.63,11.23,175.61,30.96,29.1,Low Yield
901,107.9,Rice,6.71,1079.33,15.78,468.8,11.97,20.51,Low Yield
902,18.13,Corn,6.39,1532.51,32.43,61.09,21.03,35.87,Low Yield
903,94.81,Corn,6.2,1276.29,16.4,363.51,36.37,36.87,Low Yield
904,293.61,Corn,6.34,1434.26,15.52,376.4,30.21,3.15,Low Yield
905,213.61,Rice,7.91,1620.98,13.45,426.37,22.39,33.01,Low Yield
906,446.87,Wheat,8.29,1765.75,31.48,488.5,23.91,2.47,Low Yield
907,409.63,Corn,6.72,833.59,22.5,489.02,30.29,15.32,High Yield
908,174.2,Wheat,8.22,1214.64,26.87,79.37,5.26,22.15,Low Yield
909,133.41,Wheat,6.46,1728.18,15.98,419.83,8.53,6.78,Low Yield
910,192.95,Rice,6.93,1982.07,28.95,340.84,44.66,30.11,Low Yield
911,297.2,Wheat,6.18,1812.18,29.0,341.3,8.5,1.33,Low Yield
912,137.69,Wheat,7.42,931.49,17.81,107.76,36.81,7.58,Low Yield
913,313.95,Rice,8.44,631.78,20.27,342.58,46.4,23.65,Low Yield
914,207.66,Corn,7.31,1131.97,15.24,492.12,17.18,28.86,Low Yield
915,278.26,Wheat,6.57,1560.79,34.41,460.32,21.67,36.75,High Yield
916,220.88,Rice,7.44,1137.37,26.14,247.61,30.6,28.51,High Yield
917,150.76,Wheat,5.87,1121.41,33.36,67.98,44.68,27.2,Low Yield
918,474.48,Wheat,8.17,1724.99,17.58,213.03,47.39,16.38,High Yield
919,382.98,Corn,7.01,914.39,29.55,421.88,38.28,1.05,Low Yield
920,74.36,Wheat,6.85,1761.65,29.15,365.67,8.9,5.69,Low Yield
921,434.89,Rice,7.26,991.57,27.29,256.7,35.11,21.85,High Yield
922,246.28,Wheat,7.37,858.0,34.14,74.8,23.46,27.33,Low Yield
923,447.8,Corn,5.72,1071.78,19.84,242.1,26.18,17.28,Low Yield
924,400.93,Corn,7.55,1596.16,13.27,261.06,7.21,29.5,Low Yield
925,215.48,Rice,6.23,514.2,26.79,467.85,13.6,21.35,Low Yield
926,16.12,Corn,7.64,633.91,28.23,338.49,40.57,3.89,Low Yield
927,138.0,Wheat,7.97,1917.46,24.38,190.24,25.43,8.49,Low Yield
928,273.11,Corn,7.91,598.34,15.17,286.39,18.57,33.76,Low Yield
929,318.57,Rice,7.16,1265.14,22.61,79.72,22.28,29.27,Low Yield
930,132.65,Corn,7.06,1284.83,17.8,487.66,43.45,35.9,Low Yield
931,73.98,Corn,5.93,1132.36,20.69,212.03,38.7,5.58,Low Yield
932,418.29,Corn,7.83,1396.07,26.13,265.04,17.25,39.62,Low Yield
933,492.28,Rice,6.31,690.71,28.63,209.88,10.29,9.17,Low Yield
934,265.22,Corn,6.99,1239.53,15.81,357.13,16.34,1.46,Low Yield
935,89.98,Corn,6.35,932.69,20.13,348.0,46.43,39.9,Low Yield
936,139.79,Wheat,5.9,1424.83,16.73,371.9,31.17,11.96,Low Yield
937,14.1,Rice,7.39,540.08,14.97,170.66,29.01,27.05,Low Yield
938,457.58,Corn,5.66,1270.49,29.58,192.05,31.84,7.89,Low Yield
939,63.29,Rice,7.75,614.96,32.73,106.36,21.47,23.63,Low Yield
940,290.38,Corn,6.45,773.69,19.26,344.98,41.32,36.26,Low Yield
941,140.66,Corn,5.5,671.81,28.78,67.91,28.55,13.49,Low Yield
942,279.32,Corn,7.03,610.82,32.42,318.96,10.25,27.14,Low Yield
943,327.45,Wheat,5.64,1703.71,31.15,441.36,10.81,8.33,Low Yield
944,415.72,Wheat,6.33,785.7,14.57,450.87,29.16,25.37,Low Yield
945,107.18,Wheat,7.62,1876.11,33.91,252.07,47.15,14.12,Low Yield
946,10.44,Rice,5.69,1948.88,19.42,256.69,18.88,9.24,Low Yield
947,72.76,Rice,8.02,1271.14,18.48,84.64,44.13,13.21,Low Yield
948,450.51,Wheat,5.51,543.1,11.56,351.84,39.38,7.97,Low Yield
949,437.58,Rice,6.24,936.73,22.15,419.57,16.15,36.17,Low Yield
950,300.72,Corn,7.72,1656.14,12.73,160.09,6.64,16.49,Low Yield
951,302.26,Corn,6.45,924.56,16.21,239.59,9.58,10.57,Low Yield
952,334.19,Corn,5.81,447.93,17.92,427.48,37.78,18.49,Low Yield
953,91.81,Wheat,6.58,1246.53,30.22,444.7,13.99,13.5,Low Yield
954,457.63,Rice,6.31,1736.71,31.89,159.43,21.71,30.03,Low Yield
955,212.29,Wheat,8.03,1653.07,17.56,297.76,27.58,38.88,High Yield
956,194.65,Rice,6.44,597.71,31.47,136.62,37.65,18.08,Low Yield
957,261.86,Corn,7.87,1443.7,31.43,95.85,10.1,34.58,Low Yield
958,28.25,Wheat,8.18,674.86,29.12,460.0,23.29,23.07,Low Yield
959,87.31,Rice,6.8,670.95,13.67,419.23,26.83,7.13,Low Yield
960,370.33,Rice,8.23,1785.92,27.26,392.02,29.34,27.93,High Yield
961,45.99,Corn,6.63,724.44,33.63,71.94,41.83,21.02,Low Yield
962,303.56,Wheat,8.39,747.52,27.06,429.68,12.73,26.37,Low Yield
963,126.45,Wheat,5.77,301.11,18.29,247.12,41.35,35.7,Low Yield
964,197.7,Wheat,7.56,1780.14,22.51,204.08,36.18,18.18,Low Yield
965,147.9,Corn,6.98,1647.41,26.14,295.91,30.01,36.15,Low Yield
966,181.06,Wheat,6.66,1366.46,22.76,91.11,36.48,30.28,Low Yield
967,360.93,Corn,7.4,1575.45,13.0,390.49,23.54,20.06,Low Yield
968,152.08,Corn,7.61,558.48,17.8,312.1,11.23,24.53,Low Yield
969,285.37,Corn,5.51,1079.15,30.06,133.97,34.96,13.7,Low Yield
970,240.64,Rice,6.0,897.07,31.54,134.7,28.61,39.36,Low Yield
971,333.52,Wheat,7.64,459.42,13.43,132.91,33.77,27.03,Low Yield
972,468.73,Wheat,7.5,1126.42,33.81,75.65,20.21,2.71,Low Yield
973,367.62,Corn,8.4,1865.26,18.22,314.51,45.81,13.74,High Yield
974,111.4,Corn,7.78,368.1,26.56,428.16,31.43,25.31,Low Yield
975,20.44,Wheat,8.35,795.48,28.8,57.87,8.84,3.2,Low Yield
976,134.82,Corn,7.61,652.82,30.3,72.05,25.24,1.93,Low Yield
977,299.56,Wheat,6.39,704.85,33.64,307.75,39.04,18.55,Low Yield
978,30.46,Rice,5.82,1844.34,17.82,418.77,40.74,13.97,Low Yield
979,250.7,Corn,7.85,1095.72,31.46,197.03,27.26,18.09,High Yield
980,300.44,Wheat,7.43,1092.71,13.29,207.33,45.26,11.25,Low Yield
981,170.45,Corn,5.64,1592.98,27.63,318.36,17.05,7.42,Low Yield
982,386.6,Wheat,6.58,562.64,28.55,173.4,23.48,27.88,Low Yield
983,57.77,Wheat,8.37,1128.35,26.94,61.97,45.44,21.07,Low Yield
984,42.19,Corn,7.0,1030.97,16.31,380.85,45.33,8.81,Low Yield
985,365.45,Rice,6.8,1314.75,31.83,331.54,35.86,13.46,High Yield
986,250.27,Wheat,6.87,1999.25,14.22,311.34,43.65,24.08,Low Yield
987,345.76,Wheat,6.13,1608.06,11.34,383.76,8.99,3.82,Low Yield
988,220.24,Wheat,6.61,976.37,27.94,353.85,43.92,6.75,Low Yield
989,126.97,Rice,6.61,1706.84,21.89,142.65,19.43,3.86,Low Yield
990,410.46,Rice,5.66,590.2,31.23,208.62,13.02,32.68,Low Yield
991,400.71,Corn,7.8,351.79,19.58,106.75,15.77,30.34,Low Yield
992,348.87,Rice,6.75,647.56,14.21,108.44,23.81,30.38,Low Yield
993,139.71,Corn,7.97,878.7,30.91,354.29,16.3,28.94,Low Yield
994,297.16,Corn,8.05,1167.99,23.72,436.37,19.43,27.11,Low Yield
995,183.68,Rice,6.14,1345.72,14.73,483.23,11.07,19.6,Low Yield
996,50.33,Corn,7.47,1848.03,28.01,332.76,18.33,26.05,Low Yield
997,459.07,Rice,6.92,1166.75,22.78,132.85,30.75,2.5,Low Yield
998,72.73,Corn,8.14,1152.17,25.11,97.54,24.88,25.24,Low Yield
999,475.37,Rice,6.15,385.41,21.52,415.78,20.6,31.34,Low Yield
1000,225.77,Rice,7.53,359.35,30.72,310.44,38.59,20.51,Low Yield
