Farm ID,Farm Size (Acres),Crop Type,Annual Yield (Tons),Soil pH,Rainfall (mm/year),Temperature (Â°C),Fertilizer Usage (kg/acre)
1,190.4,Rice,99.22,7.32,1236.97,30.74,328.23
2,475.6,Corn,85.29,6.39,1044.9,27.73,401.66
3,367.34,Rice,21.64,5.91,1726.61,12.64,366.47
4,301.34,Rice,93.13,7.45,573.16,30.97,425.51
5,82.23,Wheat,12.52,7.72,342.45,26.78,75.3
6,82.22,Wheat,81.93,6.45,1063.37,27.43,386.38
7,33.75,Rice,38.68,7.43,703.71,19.07,432.88
8,433.76,Wheat,87.92,6.69,384.34,31.98,178.76
9,302.55,Corn,86.94,7.64,1531.82,28.13,338.2
10,355.5,Corn,80.79,6.1,489.71,12.81,191.37
11,15.19,Wheat,79.21,8.17,1334.14,20.19,481.09
12,485.11,Corn,31.16,6.36,777.78,32.16,65.04
13,417.06,Wheat,9.01,6.6,594.94,11.18,310.91
14,110.11,Rice,40.9,5.67,945.58,34.04,124.93
15,95.0,Rice,18.18,5.83,1662.46,26.98,370.5
16,95.79,Corn,69.8,7.05,966.56,25.78,129.15
17,155.6,Wheat,35.26,6.3,1576.31,16.76,155.92
18,264.75,Wheat,97.59,8.01,513.33,16.22,272.47
19,218.81,Corn,64.46,5.54,1613.71,33.55,461.68
20,149.16,Rice,82.43,6.64,702.79,17.46,145.27
21,307.87,Corn,14.12,6.51,1451.57,29.39,114.91
22,74.05,Rice,86.34,5.56,1261.83,19.83,391.54
23,149.61,Wheat,92.35,5.87,1879.55,13.48,275.28
24,186.35,Rice,49.22,6.74,958.45,10.27,460.3
25,230.75,Corn,61.02,6.98,412.48,23.61,115.98
26,393.66,Wheat,76.72,6.71,332.56,34.39,340.67
27,103.84,Corn,18.31,7.09,1705.66,19.23,154.8
28,259.55,Corn,50.75,7.29,1192.05,18.93,120.54
29,298.25,Rice,40.47,5.53,1617.91,18.6,357.54
30,27.99,Corn,15.49,6.89,698.52,23.01,317.16
31,305.73,Rice,37.39,8.39,886.64,21.02,389.67
32,89.41,Wheat,7.75,7.06,351.18,32.0,189.26
33,37.2,Rice,3.56,7.53,1934.54,22.64,251.59
34,474.7,Wheat,14.38,6.44,1435.38,22.69,232.46
35,482.99,Rice,96.35,7.82,1886.45,13.46,492.84
36,405.16,Corn,55.4,7.82,751.34,34.57,181.51
37,155.78,Rice,96.62,7.06,1339.49,16.25,182.67
38,53.35,Rice,43.82,8.43,1453.45,11.83,209.55
39,343.7,Wheat,31.87,5.88,839.83,26.58,304.07
40,222.88,Corn,51.11,5.55,1741.79,24.88,163.55
41,65.41,Rice,44.51,7.81,1910.17,20.38,461.88
42,250.11,Corn,11.46,7.92,1804.25,20.55,169.56
43,22.02,Rice,64.44,5.86,1556.41,29.63,453.12
44,455.11,Rice,22.39,6.3,771.69,14.89,96.56
45,133.1,Corn,62.34,5.55,778.75,30.51,345.45
46,332.95,Rice,65.37,6.38,1937.71,26.22,458.14
47,159.3,Corn,16.05,7.82,317.48,20.47,125.94
48,262.43,Rice,7.07,7.05,1517.28,21.45,485.75
49,275.62,Wheat,78.3,6.54,1500.62,16.42,253.8
50,96.5,Corn,46.52,6.62,1358.57,28.8,475.57
51,484.94,Rice,6.76,5.5,1983.19,22.82,354.57
52,388.69,Rice,99.49,6.4,830.2,18.02,185.71
53,470.05,Wheat,6.72,7.44,877.95,24.9,134.74
54,447.94,Corn,69.81,8.42,434.2,34.89,186.68
55,300.96,Rice,98.38,8.04,1052.76,20.88,91.86
56,461.33,Wheat,24.68,5.57,743.78,33.02,114.74
57,48.8,Rice,15.08,8.2,883.76,18.63,97.1
58,102.01,Corn,13.02,7.85,1718.77,11.37,240.32
59,27.39,Rice,31.02,7.84,1890.32,15.11,408.01
60,166.04,Rice,11.0,6.87,615.75,20.47,113.62
61,197.4,Rice,69.52,6.69,933.27,15.49,108.64
62,139.32,Rice,7.17,6.41,1878.67,10.01,339.54
63,415.23,Wheat,51.43,5.7,405.07,32.88,138.73
64,181.59,Wheat,99.67,6.18,457.01,31.1,93.92
65,144.06,Corn,81.58,6.24,576.74,28.56,125.08
66,273.63,Wheat,61.91,6.95,1311.86,14.2,465.68
67,74.76,Wheat,31.32,7.74,555.8,13.01,419.66
68,402.09,Corn,62.77,6.92,1945.73,11.69,209.33
69,41.9,Wheat,53.18,5.67,1059.41,28.1,345.12
70,493.51,Wheat,43.18,8.37,1152.58,33.22,291.77
71,387.26,Corn,13.94,8.33,719.32,20.76,354.71
72,103.36,Corn,88.77,7.86,1100.63,12.98,357.2
73,7.73,Corn,45.53,8.47,1425.25,22.81,332.93
74,408.65,Rice,20.27,7.13,1577.0,18.72,169.75
75,354.89,Rice,37.41,8.39,1581.58,19.37,67.55
76,365.86,Corn,42.0,5.73,1282.41,25.53,255.01
77,386.78,Corn,82.93,6.6,1837.41,27.97,450.94
78,41.65,Corn,73.63,6.18,1689.59,12.77,306.27
79,182.44,Rice,77.16,6.09,1586.98,10.89,424.58
80,62.36,Rice,2.09,5.92,394.53,34.86,496.23
81,432.24,Wheat,42.2,7.37,311.69,15.82,123.63
82,313.53,Wheat,48.65,7.84,661.16,11.35,361.3
83,168.79,Corn,2.9,7.23,1427.99,14.75,353.43
84,36.46,Rice,26.72,5.94,999.04,10.97,490.98
85,158.94,Rice,76.27,7.93,984.09,19.8,493.52
86,165.97,Rice,14.57,7.41,1803.8,30.06,359.01
87,366.16,Corn,54.0,6.66,1822.46,18.53,159.63
88,320.59,Wheat,22.3,7.52,1845.6,21.1,409.35
89,444.17,Corn,2.2,6.28,833.59,26.89,98.16
90,238.75,Wheat,24.88,6.54,1474.79,22.72,401.31
91,64.2,Wheat,97.61,8.25,761.78,31.54,459.59
92,358.06,Corn,80.35,6.37,624.04,31.65,222.28
93,381.59,Wheat,96.0,6.91,613.88,10.25,333.79
94,282.83,Wheat,49.3,8.17,881.58,29.45,243.56
95,386.63,Rice,11.86,7.62,1030.93,21.52,246.99
96,249.43,Wheat,55.25,5.69,1712.61,34.72,189.67
97,263.75,Corn,45.98,5.94,503.81,22.08,392.96
98,216.63,Corn,84.59,5.52,1549.37,34.67,471.28
99,17.58,Wheat,10.71,7.39,1203.47,28.86,473.34
100,58.41,Rice,49.34,6.84,789.51,16.22,128.65
101,20.56,Rice,15.85,5.9,1137.79,23.46,443.63
102,320.02,Wheat,33.14,8.37,809.9,34.8,381.84
103,160.61,Wheat,74.0,7.09,1313.34,31.44,163.78
104,256.74,Corn,48.13,6.23,1037.53,12.43,80.28
105,454.25,Wheat,38.21,7.0,579.49,27.66,170.6
106,128.4,Rice,40.05,7.54,498.19,18.64,460.49
107,208.14,Wheat,46.49,5.73,1229.38,10.17,334.93
108,379.0,Corn,78.72,6.32,1834.1,20.09,374.47
109,118.26,Corn,89.32,7.92,884.73,15.87,165.72
110,43.11,Corn,95.58,6.88,1546.1,30.47,373.72
111,148.43,Corn,78.9,7.14,1419.72,18.43,62.65
112,84.8,Corn,32.23,6.8,1883.64,30.69,218.89
113,465.2,Wheat,69.13,5.63,1695.67,10.01,332.04
114,405.02,Wheat,44.32,6.0,1263.23,17.7,115.74
115,318.53,Wheat,26.21,6.84,1416.95,16.03,420.35
116,436.37,Wheat,84.25,6.13,1827.26,15.84,155.76
117,402.82,Corn,4.8,5.65,979.18,11.7,343.53
118,97.35,Rice,90.27,8.03,855.55,14.68,232.34
119,446.82,Wheat,46.69,8.44,318.38,23.89,318.22
120,271.97,Rice,64.08,7.88,1705.14,17.28,98.35
121,404.68,Wheat,66.28,8.06,1661.67,20.43,57.61
122,448.57,Wheat,89.62,6.23,477.57,19.42,459.3
123,162.41,Rice,64.03,8.38,1280.66,31.9,171.33
124,59.48,Corn,61.78,6.09,1088.77,32.63,418.85
125,117.83,Wheat,7.6,8.35,501.81,22.32,499.71
126,216.42,Wheat,52.32,8.48,1966.97,18.25,145.14
127,409.92,Wheat,15.87,7.64,664.98,12.67,169.33
128,431.06,Rice,74.01,8.44,414.3,33.84,348.29
129,8.44,Corn,51.71,7.21,1311.24,11.51,484.45
130,257.82,Rice,68.34,6.28,1556.07,17.44,462.12
131,211.62,Rice,5.13,6.81,355.15,17.45,276.29
132,114.94,Corn,9.39,7.28,1419.82,18.01,407.8
133,64.33,Rice,71.92,5.72,1204.9,14.11,111.09
134,172.12,Corn,8.14,7.37,475.55,29.58,489.85
135,471.74,Wheat,8.05,8.44,593.29,13.06,483.96
136,164.99,Corn,2.2,6.07,1265.56,25.87,123.68
137,261.8,Wheat,95.69,7.88,803.81,13.1,184.74
138,352.99,Rice,74.01,8.22,1895.14,11.76,95.07
139,185.0,Rice,35.97,8.33,1691.86,32.74,172.27
140,486.03,Wheat,30.36,8.38,1972.06,14.75,417.18
141,481.41,Rice,35.62,7.06,741.44,30.53,220.24
142,129.63,Corn,77.69,8.43,1948.53,23.62,89.78
143,251.14,Wheat,66.48,7.77,1033.1,11.95,204.0
144,153.93,Rice,19.33,5.99,890.78,33.89,491.62
145,146.0,Wheat,18.24,6.93,385.59,16.17,333.36
146,23.26,Corn,10.74,7.65,389.7,31.49,237.27
147,306.73,Corn,66.37,6.24,1476.42,14.22,124.94
148,253.83,Rice,76.67,7.42,1078.48,31.35,493.78
149,30.48,Corn,27.24,7.5,685.09,10.33,419.38
150,142.93,Wheat,3.07,5.99,1343.75,22.79,176.66
151,454.59,Corn,9.13,7.2,729.86,29.24,81.53
152,123.58,Wheat,96.82,7.81,1281.97,33.37,75.48
153,76.72,Wheat,30.25,7.0,910.65,32.73,104.17
154,247.28,Corn,77.15,5.54,1700.04,30.49,311.35
155,492.9,Rice,62.84,5.53,1695.18,32.2,467.94
156,124.82,Corn,38.81,6.57,1111.5,14.98,273.53
157,337.71,Wheat,21.36,8.28,896.39,17.1,429.33
158,382.0,Wheat,13.02,6.19,916.35,17.22,250.65
159,122.63,Corn,61.89,7.4,1669.71,19.43,368.86
160,365.47,Rice,77.69,6.17,857.91,19.83,379.34
161,187.05,Rice,64.75,6.47,655.4,23.61,128.28
162,317.99,Wheat,53.5,8.04,443.97,14.0,212.55
163,318.6,Wheat,5.15,7.69,1093.38,27.28,336.79
164,270.21,Rice,96.88,5.79,1119.62,14.19,81.81
165,49.69,Corn,80.07,6.79,1729.54,17.76,212.69
166,418.47,Wheat,29.99,5.59,676.11,22.58,290.66
167,163.79,Wheat,98.02,6.94,947.69,29.91,498.3
168,97.33,Rice,60.59,7.49,1674.29,28.49,263.54
169,25.18,Corn,58.66,5.86,1700.16,26.14,417.23
170,297.49,Rice,75.06,6.37,953.84,13.89,244.43
171,340.39,Corn,81.37,6.69,1080.51,23.68,408.38
172,13.21,Corn,65.99,8.26,815.59,12.19,317.94
173,258.49,Corn,13.68,8.48,1885.34,19.43,448.97
174,117.12,Wheat,34.49,5.63,501.69,20.34,234.92
175,324.36,Rice,92.88,7.78,1887.37,11.0,321.94
176,91.31,Rice,23.24,6.62,1462.57,16.85,333.51
177,347.01,Corn,37.84,6.68,1203.67,33.89,237.82
178,196.43,Wheat,43.78,7.76,355.52,33.84,114.94
179,468.68,Wheat,44.5,8.26,1108.51,18.81,92.1
180,73.07,Rice,61.68,8.35,993.17,11.08,57.5
181,173.83,Wheat,94.36,7.23,574.07,14.48,443.09
182,61.17,Wheat,24.83,6.57,1415.9,19.81,156.41
183,462.72,Corn,13.03,7.86,1950.96,33.69,145.18
184,439.28,Wheat,20.55,6.25,1255.72,13.53,381.22
185,132.68,Corn,88.81,7.19,1515.08,29.09,194.01
186,331.69,Rice,64.94,6.58,416.37,12.72,277.72
187,409.52,Wheat,29.3,7.47,1010.03,34.53,123.13
188,279.82,Rice,81.78,6.22,497.81,19.54,481.89
189,267.18,Rice,86.28,6.07,1341.75,29.38,433.21
190,124.72,Wheat,84.8,8.25,1895.42,18.56,438.71
191,51.09,Wheat,91.97,5.81,1425.02,25.69,233.05
192,449.12,Rice,25.97,7.02,430.57,14.8,393.06
193,450.71,Wheat,75.75,6.16,902.93,13.65,114.74
194,318.39,Corn,46.59,5.62,1236.13,33.45,53.88
195,172.82,Corn,84.36,5.61,985.45,32.94,58.99
196,177.86,Wheat,73.12,6.03,1717.19,32.19,313.97
197,364.35,Rice,77.87,8.1,1684.94,25.64,254.93
198,449.07,Wheat,65.96,6.35,1340.11,30.21,283.11
199,444.11,Wheat,18.57,8.35,934.88,11.73,53.36
200,391.04,Rice,54.96,7.24,734.07,18.37,240.21
201,322.81,Rice,98.48,6.81,479.99,17.84,373.13
202,46.65,Corn,93.8,7.24,903.33,25.89,249.21
203,85.01,Rice,5.27,7.05,1002.39,18.9,379.5
204,449.78,Corn,17.32,7.78,1448.9,13.71,154.86
205,305.18,Rice,14.04,6.35,1418.87,24.91,415.91
206,9.55,Wheat,72.87,6.56,419.18,30.36,314.79
207,55.23,Corn,81.96,8.18,971.94,19.55,144.84
208,333.43,Corn,22.14,8.34,609.02,13.31,156.52
209,7.51,Corn,51.08,8.18,566.58,14.92,332.61
210,84.6,Wheat,84.23,6.76,1706.41,15.94,423.47
211,276.62,Wheat,73.55,7.84,371.26,17.5,237.03
212,347.49,Wheat,54.68,6.93,1012.61,26.07,166.24
213,327.72,Wheat,59.44,6.99,585.95,25.02,440.16
214,116.01,Wheat,51.33,6.11,1794.86,27.4,351.17
215,357.53,Corn,30.46,7.27,1246.97,19.06,251.64
216,122.44,Wheat,56.94,6.06,693.35,30.6,269.56
217,166.07,Corn,69.2,6.49,1154.13,15.1,141.92
218,374.51,Wheat,87.46,8.07,1543.53,21.73,332.06
219,326.57,Rice,63.99,6.12,1928.8,30.02,211.43
220,425.37,Corn,76.35,5.71,674.76,14.5,498.04
221,330.52,Rice,16.85,5.71,1806.51,12.75,266.08
222,286.31,Corn,46.69,8.32,1888.32,32.09,268.65
223,51.37,Rice,1.92,7.02,1857.91,18.57,304.63
224,187.02,Wheat,25.42,6.73,1380.2,27.1,462.54
225,136.28,Wheat,72.92,7.93,1370.7,10.63,410.37
226,125.77,Wheat,99.19,8.01,985.46,27.25,253.01
227,486.64,Corn,10.82,6.5,1579.08,17.9,373.41
228,199.58,Rice,40.75,7.58,1203.2,11.39,313.81
229,446.56,Wheat,80.21,7.81,1451.64,25.25,271.57
230,317.41,Rice,21.2,7.46,1028.38,16.02,136.54
231,398.43,Rice,55.95,5.95,1543.54,19.67,258.77
232,253.81,Wheat,73.57,8.13,1701.6,12.01,160.62
233,290.57,Wheat,61.98,7.12,548.94,13.68,461.68
234,248.8,Rice,19.61,6.35,1715.98,17.45,200.93
235,101.65,Wheat,36.18,6.78,1218.5,12.24,478.52
236,362.61,Wheat,78.6,5.61,1735.93,32.77,289.87
237,143.98,Wheat,55.87,5.88,1033.21,10.15,334.19
238,17.04,Corn,1.52,7.8,944.37,22.1,294.32
239,324.51,Rice,76.34,5.5,1855.6,13.08,108.22
240,92.67,Rice,4.5,6.75,726.99,17.69,219.12
241,470.53,Corn,74.83,7.07,1735.16,33.15,94.62
242,477.19,Rice,21.05,5.66,1122.83,14.04,330.33
243,457.86,Wheat,95.85,8.42,1173.96,34.15,251.09
244,188.23,Rice,37.43,6.18,824.4,15.14,400.09
245,12.65,Wheat,33.37,6.41,1274.17,28.54,149.21
246,464.52,Corn,15.74,6.41,852.86,23.67,124.05
247,216.95,Wheat,31.25,6.19,366.76,32.11,232.85
248,483.49,Rice,87.79,5.5,762.4,23.85,466.96
249,481.99,Rice,99.64,7.69,310.84,23.36,369.69
250,427.24,Rice,37.46,8.4,1963.2,14.89,238.52
251,150.75,Corn,45.41,6.17,1941.77,14.16,282.77
252,195.62,Corn,72.49,7.49,971.76,32.91,87.9
253,426.31,Rice,88.73,7.73,1538.23,18.2,493.06
254,161.88,Wheat,59.71,8.05,887.87,19.3,349.88
255,88.9,Corn,39.76,6.77,1440.86,29.0,178.43
256,280.62,Rice,41.85,6.41,1669.23,18.47,313.61
257,468.4,Rice,69.87,6.48,1909.49,33.8,99.27
258,349.53,Corn,1.32,7.64,980.36,28.45,484.63
259,287.18,Corn,62.34,7.95,1631.61,24.94,128.65
260,53.1,Corn,36.19,6.04,752.08,32.02,341.61
261,309.43,Wheat,79.63,6.61,1983.56,11.24,160.45
262,495.08,Wheat,10.21,8.21,343.81,16.43,372.9
263,74.34,Rice,59.23,7.92,1326.0,21.63,399.57
264,261.57,Corn,48.62,8.45,1421.16,15.67,353.04
265,439.3,Wheat,64.59,7.76,1469.68,28.6,326.52
266,371.68,Corn,7.42,6.68,504.66,32.98,451.61
267,350.02,Rice,58.42,7.27,1895.5,20.59,85.38
268,352.73,Wheat,56.59,7.48,608.01,18.55,198.91
269,182.95,Wheat,56.51,5.74,1358.68,34.04,161.73
270,150.33,Wheat,60.75,7.13,678.55,21.12,494.61
271,405.63,Rice,67.97,7.63,822.27,22.23,225.23
272,406.01,Corn,80.69,6.0,1228.98,18.79,379.68
273,434.2,Wheat,27.71,7.84,1009.23,32.74,358.13
274,457.05,Rice,82.68,7.25,572.38,24.22,145.44
275,258.11,Corn,50.33,8.36,590.59,29.05,157.55
276,253.25,Rice,8.63,5.63,1010.85,30.3,176.58
277,400.16,Corn,6.8,6.3,1587.38,18.55,235.01
278,326.73,Rice,34.09,7.3,1826.54,20.84,155.45
279,352.47,Corn,78.7,6.39,443.02,31.21,58.84
280,398.92,Wheat,71.06,7.64,968.28,19.08,445.73
281,445.55,Corn,79.07,7.78,470.42,29.85,484.52
282,172.31,Rice,52.21,5.81,328.21,33.52,203.71
283,190.91,Rice,44.58,7.04,1424.92,25.58,202.33
284,51.52,Corn,15.6,7.03,1324.16,28.54,53.19
285,291.25,Wheat,33.49,6.61,577.13,30.13,356.11
286,22.79,Wheat,43.97,8.3,697.48,31.13,421.45
287,235.47,Corn,9.77,7.98,340.3,19.88,115.97
288,273.61,Corn,22.84,7.59,1719.41,11.28,121.85
289,146.84,Rice,60.22,7.64,1956.97,20.05,405.54
290,297.46,Wheat,73.83,6.89,530.28,26.84,327.33
291,20.1,Corn,99.84,8.26,693.51,21.26,70.19
292,23.49,Wheat,93.38,7.58,1776.3,28.72,330.15
293,412.19,Corn,64.61,7.69,1874.99,18.92,189.01
294,183.29,Corn,42.7,8.09,1013.37,25.87,215.93
295,67.89,Wheat,63.98,6.32,386.06,14.66,396.38
296,263.51,Corn,78.78,7.92,366.97,28.73,414.92
297,386.15,Corn,12.72,6.09,1275.71,23.64,230.16
298,111.83,Rice,41.58,6.54,967.92,15.1,476.22
299,313.33,Corn,84.14,6.51,348.71,17.3,232.91
300,47.25,Corn,39.0,8.44,1291.53,28.72,397.33
301,30.58,Corn,57.62,8.07,319.21,22.07,267.74
302,268.02,Rice,59.19,7.6,1638.53,15.4,453.89
303,272.61,Wheat,19.26,7.68,820.94,34.18,458.49
304,320.53,Rice,36.86,7.19,368.44,27.88,89.34
305,364.42,Rice,34.12,8.34,1300.2,33.93,471.42
306,488.05,Wheat,3.59,6.99,976.06,20.68,421.49
307,260.57,Rice,3.39,6.64,1955.46,21.88,406.09
308,164.86,Wheat,83.34,5.99,1225.14,32.45,140.41
309,398.62,Rice,28.03,7.86,767.91,23.13,412.3
310,139.06,Wheat,52.29,7.7,1506.05,27.68,432.56
311,222.29,Corn,30.57,6.65,761.54,16.3,180.12
312,43.84,Rice,94.13,5.58,1837.21,21.17,478.52
313,17.55,Rice,26.67,8.02,937.03,13.09,72.44
314,481.51,Rice,43.54,5.53,1234.78,15.15,117.46
315,418.81,Rice,87.4,7.61,385.97,10.02,291.91
316,349.51,Corn,84.35,8.41,1024.41,10.98,309.11
317,207.43,Rice,19.42,6.81,1715.02,34.43,340.32
318,90.78,Corn,80.46,6.2,1669.6,16.06,57.64
319,82.44,Corn,46.36,7.61,681.34,26.58,482.17
320,128.87,Corn,48.81,7.95,684.33,30.98,70.06
321,276.87,Corn,14.21,7.14,1689.42,23.77,114.38
322,358.72,Wheat,8.98,8.4,1881.68,13.83,56.31
323,331.8,Wheat,73.07,5.66,462.11,28.2,305.09
324,143.57,Rice,50.15,7.01,1065.1,25.01,469.52
325,477.66,Wheat,44.25,7.66,873.67,28.28,349.68
326,370.26,Wheat,73.22,8.09,1780.17,29.24,420.2
327,279.41,Rice,76.79,6.04,441.99,34.39,55.98
328,307.8,Rice,16.73,7.9,658.91,24.34,293.91
329,212.7,Rice,61.41,7.16,1579.2,18.54,256.8
330,127.63,Wheat,14.4,6.69,387.2,26.21,274.54
331,181.21,Wheat,75.39,5.9,1137.31,11.71,82.5
332,380.13,Rice,66.04,8.1,1051.58,32.43,358.0
333,12.12,Corn,95.7,5.97,868.48,12.98,276.45
334,62.46,Rice,7.83,6.43,970.77,18.2,394.32
335,27.77,Corn,6.65,6.37,1200.9,30.39,268.38
336,25.16,Corn,28.94,8.11,574.32,24.93,117.22
337,428.45,Rice,26.91,7.52,1272.39,19.84,341.72
338,353.31,Rice,25.45,7.89,1669.23,21.84,127.57
339,239.72,Rice,90.72,6.25,1592.27,31.36,442.58
340,53.43,Wheat,25.71,7.37,561.63,18.5,325.9
341,248.35,Corn,27.92,7.22,553.72,31.74,120.74
342,239.37,Wheat,76.18,8.0,755.9,12.2,483.05
343,90.73,Wheat,45.52,8.22,913.83,29.42,283.26
344,219.76,Rice,77.89,5.54,994.37,31.19,82.8
345,202.26,Wheat,7.47,7.52,1455.49,14.55,332.07
346,309.85,Rice,49.27,5.66,396.36,20.76,163.94
347,319.37,Corn,4.33,7.15,358.94,14.14,411.66
348,27.43,Rice,7.2,6.36,966.25,27.67,418.02
349,190.43,Wheat,90.74,6.42,1485.18,23.38,490.53
350,314.8,Wheat,14.79,6.56,628.84,25.88,275.84
351,254.05,Rice,53.71,7.36,1390.56,14.91,254.73
352,428.96,Rice,41.7,6.5,741.71,15.29,389.06
353,331.05,Wheat,35.39,7.7,1806.35,11.04,109.61
354,85.65,Corn,90.08,6.71,1822.67,18.05,296.11
355,39.93,Corn,3.16,5.71,805.39,23.99,295.81
356,323.0,Rice,66.72,7.85,690.99,31.45,90.26
357,18.12,Corn,96.38,6.36,999.22,26.67,238.09
358,294.96,Wheat,56.46,6.8,708.9,20.88,433.98
359,470.41,Rice,93.75,7.56,1443.05,33.83,435.27
360,289.86,Wheat,6.17,6.5,1704.31,27.98,94.66
361,197.14,Wheat,42.46,5.67,1444.26,33.25,90.82
362,323.43,Corn,26.76,6.62,1701.4,23.19,168.21
363,231.84,Rice,73.35,8.33,974.89,16.47,443.64
364,275.08,Rice,98.15,7.43,565.74,11.32,108.01
365,471.03,Corn,26.4,7.51,1554.52,28.15,374.0
366,196.12,Wheat,65.76,7.4,912.81,13.03,95.52
367,480.79,Wheat,20.61,6.1,1441.16,17.57,330.41
368,453.15,Wheat,56.97,6.76,760.09,23.31,210.23
369,101.92,Wheat,46.93,7.75,438.09,24.11,405.01
370,39.33,Rice,97.23,5.8,1987.39,25.01,155.16
371,54.89,Rice,61.24,6.33,565.54,14.16,337.64
372,14.02,Corn,35.6,6.33,1980.32,19.49,156.06
373,51.75,Corn,12.3,6.8,1961.38,25.43,371.15
374,343.09,Rice,15.97,8.44,1649.49,34.25,443.16
375,40.24,Rice,23.31,5.7,1421.02,28.19,107.06
376,162.89,Wheat,25.85,7.06,1282.27,33.07,439.97
377,423.21,Wheat,85.21,6.04,1772.37,29.06,317.11
378,16.52,Corn,56.56,8.41,792.05,24.79,107.2
379,408.16,Rice,52.82,5.84,1095.06,14.8,242.39
380,144.52,Corn,12.36,6.71,1352.96,26.67,122.39
381,63.49,Rice,86.15,7.71,999.02,25.58,365.16
382,349.88,Wheat,72.56,7.61,1026.73,25.06,391.49
383,316.33,Corn,7.7,6.77,861.48,22.24,97.61
384,439.35,Corn,71.08,6.54,1259.19,23.22,277.76
385,368.86,Rice,54.81,6.69,1745.98,18.36,416.58
386,402.72,Wheat,9.09,6.29,642.6,22.98,471.27
387,144.61,Corn,46.37,6.12,1888.54,14.94,281.08
388,92.83,Wheat,48.98,6.95,1471.45,30.13,477.63
389,376.55,Corn,17.41,6.31,1699.56,14.64,291.06
390,404.38,Wheat,94.62,6.36,1245.52,12.12,227.39
391,495.3,Rice,85.15,7.47,1625.18,20.91,431.69
392,209.25,Corn,67.23,8.41,327.54,26.46,271.84
393,189.15,Corn,46.77,7.31,1691.25,20.94,262.36
394,389.32,Wheat,41.76,5.73,368.24,16.92,270.64
395,173.7,Wheat,65.45,5.73,1812.85,23.95,431.05
396,465.72,Corn,55.0,8.35,1986.34,18.68,424.37
397,429.91,Rice,7.17,6.39,799.91,33.32,231.58
398,217.35,Wheat,51.74,5.78,657.54,33.07,199.98
399,376.68,Wheat,80.83,7.3,1601.12,22.56,271.37
400,378.5,Wheat,46.46,7.37,730.14,18.2,307.75
401,56.05,Corn,6.14,7.45,1771.46,28.43,157.25
402,451.76,Corn,78.84,6.3,474.83,10.92,407.28
403,255.1,Corn,20.94,5.55,514.12,21.87,268.92
404,414.1,Corn,26.6,8.4,1964.56,18.41,200.32
405,163.42,Rice,17.31,6.25,1445.53,33.01,98.07
406,448.28,Rice,33.69,7.53,1739.71,10.3,157.48
407,197.65,Corn,75.92,7.62,851.36,23.82,477.18
408,10.36,Rice,52.42,7.33,1450.02,28.52,187.29
409,453.16,Wheat,21.28,6.44,1310.21,22.13,125.99
410,50.19,Wheat,87.91,6.31,1325.36,12.14,257.3
411,163.06,Wheat,88.08,7.29,1460.31,34.31,188.19
412,475.28,Corn,87.19,8.1,1278.11,22.95,65.82
413,475.55,Wheat,24.64,8.34,1029.41,25.35,195.42
414,288.85,Rice,45.67,5.82,769.07,15.92,294.85
415,317.76,Corn,98.51,5.96,1606.59,22.09,298.27
416,226.98,Rice,77.43,8.33,684.66,20.73,210.45
417,150.14,Wheat,3.69,7.71,1477.0,11.87,251.29
418,167.69,Wheat,7.46,8.15,696.67,12.65,484.48
419,337.9,Wheat,46.93,6.11,1363.06,30.94,219.81
420,377.43,Corn,91.01,7.26,1570.03,16.0,166.2
421,396.83,Rice,54.33,7.6,671.81,14.87,159.56
422,395.86,Corn,50.28,7.54,401.9,22.62,255.99
423,50.15,Corn,11.44,6.72,522.66,29.22,391.78
424,249.74,Wheat,66.02,5.55,1330.19,11.55,142.69
425,33.49,Corn,82.39,7.25,1744.06,24.42,369.18
426,277.02,Corn,38.66,6.26,376.49,12.98,59.52
427,223.56,Wheat,77.79,6.85,1548.06,10.91,238.52
428,444.41,Corn,96.48,8.37,880.24,11.32,399.14
429,178.7,Wheat,21.17,6.7,1113.5,30.85,202.43
430,62.95,Wheat,52.81,8.02,1879.06,12.95,303.68
431,75.78,Wheat,29.43,6.07,864.35,11.13,142.24
432,381.95,Wheat,79.49,7.52,1091.07,20.95,383.9
433,311.02,Corn,58.18,8.43,323.26,31.1,73.53
434,55.06,Wheat,63.82,5.81,438.72,16.56,433.64
435,46.63,Wheat,79.99,5.52,739.61,20.54,139.19
436,351.98,Corn,40.2,6.8,347.35,11.0,443.48
437,41.02,Corn,91.59,5.78,1373.34,21.23,208.64
438,411.82,Rice,53.77,7.75,1024.88,24.44,375.21
439,354.59,Corn,16.64,8.24,1231.85,24.27,193.65
440,45.27,Corn,69.89,6.8,596.9,18.31,457.66
441,46.99,Rice,79.53,6.28,803.08,17.89,106.99
442,493.39,Corn,32.36,6.8,1428.5,12.67,130.33
443,190.26,Corn,85.86,7.67,1941.01,19.17,271.86
444,188.47,Corn,90.71,5.53,385.71,12.49,86.87
445,407.34,Corn,28.41,7.27,1813.65,29.16,138.19
446,473.89,Rice,98.37,7.34,1280.7,34.16,474.69
447,493.07,Corn,14.93,7.41,1258.66,34.25,489.42
448,377.92,Corn,21.0,6.23,1150.47,31.63,219.32
449,191.25,Rice,19.24,7.64,417.97,25.02,465.48
450,46.33,Wheat,89.5,5.77,452.79,27.52,295.17
451,389.69,Rice,65.77,6.1,1321.55,17.13,171.38
452,281.41,Wheat,16.06,8.13,879.63,25.77,366.08
453,214.99,Rice,44.59,7.72,1859.36,21.39,346.51
454,453.65,Rice,61.91,5.54,991.2,22.05,495.11
455,60.04,Corn,9.26,6.25,543.58,28.94,169.27
456,248.85,Wheat,88.36,6.14,1515.02,17.05,352.43
457,10.62,Corn,80.56,6.31,798.7,17.95,73.41
458,236.99,Wheat,51.02,6.24,1193.3,33.12,101.14
459,32.87,Rice,96.75,5.69,1486.32,11.41,51.76
460,63.81,Rice,42.36,6.88,1830.45,22.14,499.76
461,63.18,Wheat,98.43,7.7,1646.73,32.82,411.02
462,326.36,Corn,67.12,7.32,1449.81,25.26,404.03
463,374.29,Corn,63.83,7.52,1455.38,23.66,279.38
464,293.77,Corn,17.43,5.74,1908.07,16.24,185.03
465,481.28,Corn,88.31,8.35,802.9,18.58,118.07
466,190.56,Rice,43.32,8.02,301.89,31.3,178.1
467,146.43,Rice,17.06,7.92,762.32,23.98,219.19
468,434.96,Rice,2.25,7.97,670.42,22.87,390.34
469,115.68,Rice,56.42,8.3,1425.12,12.49,292.85
470,481.8,Rice,53.21,7.13,1377.31,10.4,84.87
471,11.02,Corn,72.22,6.1,1308.88,34.09,58.11
472,485.09,Corn,89.14,7.35,327.61,19.42,96.05
473,26.36,Corn,8.86,7.73,1538.92,25.08,234.72
474,446.12,Corn,73.42,7.71,850.0,11.99,469.94
475,266.21,Rice,19.55,7.06,1430.6,27.08,336.83
476,496.52,Rice,85.96,5.71,1246.18,33.31,410.82
477,41.53,Rice,82.09,6.61,882.64,24.39,259.87
478,279.16,Wheat,54.54,8.26,528.78,13.15,212.75
479,484.8,Corn,71.31,7.25,460.51,24.54,98.78
480,263.93,Corn,32.12,7.11,1713.58,29.16,444.17
481,316.55,Rice,47.65,6.31,1861.28,20.16,402.42
482,349.4,Corn,82.34,6.61,1404.64,32.0,125.65
483,230.0,Corn,46.47,8.19,475.84,26.22,280.52
484,315.64,Rice,36.42,7.5,983.45,32.48,269.32
485,294.24,Wheat,49.93,7.86,1539.2,25.59,331.29
486,451.07,Wheat,83.0,6.86,1625.7,13.28,475.78
487,27.5,Wheat,34.19,7.39,500.97,17.74,310.9
488,144.08,Rice,18.2,6.25,300.05,15.04,293.1
489,475.45,Corn,71.49,7.62,1510.63,32.72,72.65
490,445.68,Rice,82.77,6.78,906.21,29.01,78.31
491,230.55,Rice,10.96,6.83,732.62,26.91,134.31
492,311.97,Corn,24.75,7.45,321.93,17.52,64.61
493,142.3,Wheat,15.06,8.31,1218.51,14.6,384.51
494,98.12,Wheat,35.45,5.69,1746.96,28.91,375.5
495,234.53,Rice,45.58,7.97,1927.97,21.85,111.23
496,179.91,Wheat,75.13,6.38,1261.77,15.64,426.24
497,293.91,Rice,65.46,6.83,1174.58,25.42,119.65
498,43.48,Rice,62.47,5.57,444.6,11.01,185.53
499,487.33,Corn,35.89,6.4,1233.08,18.15,162.04
500,493.17,Corn,84.3,7.01,945.96,21.71,217.54
501,350.59,Corn,47.66,5.67,1332.13,13.7,164.6
502,270.37,Rice,97.93,6.97,960.83,34.62,270.03
503,158.22,Corn,63.78,8.28,708.51,15.23,233.33
504,407.83,Wheat,13.5,5.82,461.44,13.26,493.96
505,343.94,Wheat,67.94,7.79,835.36,15.09,75.17
506,85.5,Rice,33.19,6.73,464.3,29.23,113.98
507,455.91,Rice,68.95,7.47,600.72,20.64,73.77
508,412.16,Corn,7.89,6.28,1978.47,24.14,331.63
509,475.15,Rice,18.31,5.98,1054.98,10.53,74.53
510,364.23,Rice,85.72,5.98,1204.18,10.86,426.4
511,308.64,Wheat,23.49,5.71,1785.15,21.15,280.37
512,212.03,Wheat,83.87,6.06,1992.47,30.42,287.15
513,466.7,Corn,28.65,7.49,1290.61,32.13,302.72
514,433.7,Rice,64.65,8.15,1681.21,12.17,126.87
515,27.38,Rice,69.72,7.94,855.8,23.46,138.96
516,18.05,Wheat,51.75,7.56,819.76,32.83,193.47
517,191.35,Rice,31.23,5.83,984.6,19.7,317.07
518,406.22,Wheat,22.05,6.37,1443.26,30.74,144.55
519,493.7,Corn,4.29,6.43,1459.73,13.34,102.35
520,79.46,Wheat,31.09,6.25,835.91,33.38,486.55
521,299.09,Rice,65.66,7.05,526.46,28.79,59.89
522,193.54,Corn,93.89,7.11,1375.07,33.53,411.21
523,485.11,Wheat,87.25,6.57,518.15,26.92,404.62
524,421.85,Wheat,76.84,6.56,1283.44,19.09,183.75
525,419.97,Corn,79.06,7.99,1478.82,33.45,111.03
526,237.0,Corn,66.83,7.87,1491.04,16.89,115.53
527,210.34,Wheat,26.77,6.42,1580.9,18.3,363.84
528,140.34,Rice,90.81,8.24,1783.86,27.52,339.26
529,32.91,Wheat,67.4,8.36,1149.93,29.13,402.24
530,433.04,Corn,56.48,6.48,1541.42,33.24,471.87
531,407.39,Wheat,11.99,6.56,1352.59,15.12,361.37
532,499.86,Corn,45.26,7.02,617.29,29.95,120.13
533,498.34,Corn,46.58,8.32,343.67,28.46,159.55
534,279.94,Rice,86.59,8.13,783.72,11.59,428.99
535,385.65,Corn,55.12,5.81,1053.16,19.68,144.19
536,472.66,Corn,38.66,6.68,1349.08,17.07,82.64
537,425.58,Rice,97.7,7.16,1744.93,17.61,366.48
538,127.44,Corn,11.96,7.01,633.62,34.57,231.14
539,228.02,Rice,42.83,6.08,513.43,26.07,464.02
540,68.93,Rice,5.16,8.08,1937.92,27.94,342.61
541,477.26,Corn,74.25,7.53,483.68,34.42,90.69
542,305.06,Corn,91.89,8.01,1113.43,19.43,476.54
543,118.18,Wheat,28.72,8.08,1295.46,30.05,166.35
544,337.49,Rice,85.98,7.75,1220.34,20.86,201.75
545,310.97,Wheat,29.93,6.82,446.25,31.74,231.02
546,182.29,Corn,91.17,7.33,396.95,14.52,73.05
547,61.21,Wheat,75.64,5.98,479.32,33.69,273.43
548,337.43,Rice,80.69,7.52,1295.5,15.47,105.49
549,262.55,Wheat,2.78,6.04,1225.39,18.16,230.44
550,387.3,Rice,96.32,7.58,697.36,28.9,207.82
551,262.48,Corn,72.94,6.19,1384.22,19.84,397.78
552,426.83,Corn,31.17,5.85,1694.11,25.21,411.43
553,278.19,Rice,83.11,6.0,370.68,21.11,119.04
554,282.66,Corn,28.87,5.51,1146.82,28.56,214.95
555,438.94,Corn,87.4,7.66,1471.83,15.71,218.01
556,204.72,Corn,12.15,7.7,728.93,11.46,118.13
557,71.34,Corn,70.66,7.04,823.21,17.5,409.3
558,19.25,Rice,54.53,5.98,1343.18,21.86,368.25
559,378.79,Wheat,10.56,5.75,1826.49,14.2,135.67
560,312.05,Wheat,24.95,5.56,1676.87,18.87,215.02
561,353.52,Corn,2.23,6.0,1291.32,20.0,97.61
562,110.42,Wheat,47.41,8.17,1541.38,11.43,332.69
563,72.5,Wheat,30.83,6.22,920.2,24.58,104.62
564,12.2,Corn,60.24,6.56,1389.64,32.11,493.67
565,178.54,Corn,30.43,5.82,1092.51,13.79,401.31
566,297.01,Wheat,30.69,6.17,622.89,24.95,225.61
567,199.16,Rice,74.58,7.06,1492.96,26.62,310.35
568,221.55,Corn,5.77,7.32,1245.99,20.48,460.1
569,452.56,Rice,90.39,6.24,909.66,27.53,299.34
570,177.39,Wheat,85.37,5.67,1849.28,20.27,128.52
571,259.42,Corn,67.11,6.67,335.59,22.62,220.42
572,392.91,Rice,59.73,6.2,836.81,10.18,429.42
573,201.29,Corn,89.34,6.16,396.7,27.29,339.9
574,312.93,Wheat,19.35,8.38,1603.1,26.53,342.83
575,431.87,Rice,8.82,7.35,1493.58,10.96,440.07
576,475.01,Wheat,24.71,7.17,863.3,19.21,452.29
577,77.8,Wheat,79.66,6.75,1448.63,34.48,463.91
578,463.66,Corn,4.43,6.79,973.09,20.52,92.68
579,248.6,Rice,58.7,7.12,1585.63,22.55,294.86
580,132.83,Wheat,99.55,7.59,1072.11,32.75,383.23
581,232.27,Wheat,85.71,7.61,1000.88,27.93,390.62
582,490.12,Rice,52.62,6.02,1889.04,24.55,323.02
583,248.85,Wheat,7.3,7.0,726.49,29.95,125.05
584,167.73,Wheat,83.31,6.74,504.76,31.61,408.84
585,318.53,Rice,60.3,8.11,1293.72,21.42,374.05
586,123.87,Rice,12.38,7.39,1947.85,21.88,88.76
587,42.55,Rice,10.29,7.1,942.33,19.65,258.71
588,68.8,Rice,91.05,5.85,405.46,34.17,128.29
589,68.38,Corn,67.25,7.32,876.82,27.43,201.86
590,80.19,Rice,83.1,5.85,1160.08,12.08,58.14
591,73.72,Corn,88.02,6.51,575.27,31.57,230.15
592,322.23,Corn,57.61,5.93,1418.77,22.01,297.44
593,95.03,Corn,52.23,7.58,1996.17,11.72,328.81
594,176.11,Wheat,43.61,6.12,1067.96,23.74,348.57
595,448.91,Corn,32.38,6.68,903.04,20.43,426.33
596,239.61,Corn,44.03,8.19,981.2,31.94,146.96
597,335.44,Wheat,77.61,6.11,495.75,15.1,104.22
598,90.3,Wheat,60.59,7.02,1801.57,30.66,433.19
599,100.18,Wheat,89.36,6.76,1005.2,23.94,120.48
600,25.23,Rice,44.89,5.55,958.37,11.37,488.64
601,88.62,Wheat,61.1,7.88,1421.47,34.3,429.14
602,142.9,Wheat,63.5,5.71,1051.46,22.82,275.39
603,92.62,Corn,59.58,6.92,1402.0,17.27,491.64
604,48.91,Wheat,70.56,7.18,404.46,21.74,93.82
605,64.71,Rice,24.51,7.39,1683.33,31.45,186.38
606,233.09,Wheat,51.72,7.57,1898.86,17.62,337.2
607,107.14,Rice,11.32,6.26,1402.9,14.82,207.5
608,185.31,Wheat,39.07,5.53,1922.76,13.23,467.77
609,254.19,Wheat,49.28,7.67,557.43,17.45,79.53
610,346.75,Wheat,65.57,7.11,1111.61,29.5,297.24
611,24.46,Wheat,95.1,8.01,1323.07,21.79,315.89
612,400.71,Rice,60.46,7.96,1288.95,15.69,343.73
613,315.81,Rice,74.62,8.03,982.49,14.15,165.05
614,45.47,Corn,51.12,6.96,874.74,18.32,214.05
615,437.42,Rice,63.78,6.5,515.6,33.5,429.66
616,460.83,Wheat,8.02,7.87,965.96,18.58,137.72
617,35.23,Corn,26.18,6.85,576.52,34.7,422.09
618,142.05,Corn,36.82,6.05,1548.42,22.13,303.19
619,404.07,Corn,47.78,8.06,655.01,14.48,392.98
620,375.39,Wheat,5.52,8.15,399.56,32.28,371.12
621,96.34,Rice,14.86,6.9,1239.02,21.51,143.38
622,108.63,Wheat,28.4,5.73,1311.89,27.74,305.97
623,188.38,Corn,97.18,6.66,1782.25,34.59,440.48
624,244.84,Wheat,33.8,7.91,1280.87,11.25,244.45
625,311.04,Wheat,48.72,8.21,887.32,12.42,484.97
626,187.61,Rice,20.41,6.11,1665.12,28.01,253.5
627,233.95,Rice,61.47,5.7,1218.47,17.05,114.25
628,375.0,Corn,28.79,8.13,434.78,14.61,225.25
629,23.16,Wheat,21.49,6.67,1261.95,10.98,478.27
630,129.96,Wheat,52.14,7.13,1843.63,10.55,193.87
631,358.11,Rice,1.55,8.4,973.73,29.36,440.64
632,448.13,Wheat,1.76,5.7,803.75,13.36,446.56
633,258.28,Wheat,22.69,7.44,543.9,21.69,207.58
634,268.4,Wheat,4.64,5.72,557.46,25.15,87.47
635,58.05,Rice,11.69,6.63,1035.71,20.71,376.05
636,226.47,Corn,34.55,7.91,1312.66,10.68,190.18
637,268.65,Corn,80.46,6.8,437.05,29.59,402.32
638,125.02,Wheat,57.63,8.49,1897.27,10.26,249.19
639,138.28,Corn,51.75,7.18,1583.73,29.05,268.37
640,191.76,Rice,30.06,6.46,1297.26,32.33,400.06
641,14.94,Rice,93.24,6.16,1708.35,20.82,222.06
642,164.43,Corn,40.3,6.55,436.32,23.39,249.41
643,109.67,Corn,9.62,6.62,1110.63,21.92,219.29
644,167.11,Wheat,62.09,5.71,1371.16,19.73,215.3
645,64.28,Corn,12.27,6.61,1708.71,32.19,286.68
646,445.81,Wheat,35.18,6.89,1631.9,32.35,413.96
647,298.83,Wheat,51.23,7.67,771.02,18.4,212.8
648,341.16,Rice,87.55,7.47,1899.5,25.38,285.91
649,395.64,Rice,49.86,7.63,511.39,33.17,351.83
650,251.73,Rice,70.52,5.53,1787.73,34.05,171.25
651,48.03,Rice,99.29,6.15,1950.6,22.72,174.89
652,270.87,Corn,14.02,7.49,601.16,21.32,470.04
653,295.49,Rice,28.2,6.95,1527.51,16.97,375.59
654,373.99,Corn,40.06,5.52,368.49,33.97,309.73
655,218.67,Rice,42.76,7.91,989.22,13.57,341.47
656,68.15,Corn,41.69,7.82,1177.68,24.5,63.18
657,145.47,Wheat,90.85,7.15,1287.1,17.06,328.15
658,184.73,Corn,71.69,5.7,1891.09,16.98,279.28
659,324.73,Corn,61.18,7.8,1442.83,20.12,295.59
660,287.54,Rice,31.63,7.25,1118.17,34.97,211.74
661,181.27,Corn,82.56,7.85,1676.45,11.37,86.66
662,493.33,Wheat,95.55,7.76,1915.91,24.46,137.0
663,304.86,Wheat,82.3,7.91,337.51,12.06,477.84
664,122.43,Rice,1.15,7.05,1970.29,13.86,233.91
665,55.38,Wheat,64.0,5.92,446.42,20.99,260.01
666,80.67,Corn,6.06,7.51,1684.46,22.76,73.72
667,126.75,Wheat,26.5,7.36,776.57,16.47,66.9
668,84.54,Rice,6.89,7.73,524.71,17.91,372.73
669,97.35,Corn,60.78,6.01,1047.75,12.17,292.14
670,146.12,Rice,68.97,6.08,1394.73,17.58,278.92
671,90.82,Corn,12.33,8.17,947.62,34.16,159.41
672,448.9,Wheat,39.0,7.75,392.76,33.62,385.14
673,44.72,Rice,46.17,8.22,1319.08,18.37,125.71
674,264.63,Rice,37.54,7.78,1834.09,24.27,135.47
675,208.15,Corn,12.98,7.29,951.47,32.74,257.32
676,491.28,Rice,42.48,7.46,667.77,10.15,178.83
677,60.46,Corn,75.37,8.17,1052.38,30.27,161.36
678,201.94,Corn,8.03,7.24,382.22,33.71,340.36
679,484.89,Corn,8.94,7.4,1694.83,12.28,342.94
680,433.43,Corn,36.12,5.97,1704.78,14.04,421.03
681,409.45,Wheat,94.23,6.92,1299.6,34.02,237.97
682,132.66,Corn,67.19,7.65,900.27,23.44,82.89
683,89.59,Rice,68.19,6.31,1659.63,10.35,173.15
684,335.98,Wheat,36.83,6.11,1242.97,16.44,491.0
685,465.04,Rice,59.77,6.44,1704.08,21.25,318.32
686,280.6,Wheat,2.0,6.22,1373.48,27.32,369.38
687,287.95,Corn,63.97,6.14,1633.49,28.33,53.31
688,143.59,Wheat,91.42,6.77,1317.56,34.89,283.19
689,385.9,Wheat,61.64,8.22,1004.04,17.19,66.89
690,97.59,Rice,87.5,7.02,1928.51,23.46,306.15
691,165.22,Rice,72.67,6.06,1219.89,23.33,464.35
692,215.59,Corn,12.94,5.73,1328.65,20.14,485.79
693,256.27,Wheat,90.34,7.59,674.83,14.23,293.25
694,124.99,Wheat,7.58,6.65,1363.61,34.44,256.19
695,61.84,Wheat,53.86,7.97,1271.73,31.33,475.26
696,307.26,Corn,15.07,7.48,614.23,22.46,353.12
697,147.87,Corn,2.16,7.89,401.3,25.08,79.2
698,292.71,Corn,42.78,6.32,1327.41,15.68,259.58
699,81.41,Corn,30.21,7.58,1598.28,23.59,158.11
700,243.16,Corn,49.11,6.29,1189.78,27.37,261.41
701,268.63,Rice,58.14,8.32,685.51,22.88,254.96
702,30.65,Wheat,5.33,7.41,1433.09,34.76,311.97
703,171.62,Wheat,13.18,6.47,436.18,25.28,210.55
704,71.54,Wheat,56.31,6.31,1051.12,19.27,123.92
705,36.37,Wheat,34.97,6.07,577.72,29.3,276.67
706,495.03,Wheat,73.19,7.58,613.58,14.26,423.59
707,164.57,Wheat,65.58,6.16,643.9,19.61,348.81
708,405.89,Wheat,84.71,7.29,957.4,18.67,202.27
709,131.05,Wheat,69.56,6.29,386.96,20.8,470.99
710,342.34,Rice,43.56,7.49,976.25,29.54,460.49
711,381.31,Wheat,67.62,7.94,1169.9,22.1,144.21
712,299.84,Rice,28.26,7.83,1121.6,29.85,67.74
713,238.43,Corn,31.33,7.78,950.73,24.41,383.59
714,208.86,Wheat,79.11,6.06,1726.55,18.55,422.42
715,177.69,Corn,45.2,5.77,547.06,30.25,485.54
716,465.12,Corn,80.04,7.6,1159.68,15.96,450.43
717,416.16,Corn,82.42,6.61,405.47,15.61,320.24
718,482.69,Rice,85.9,6.8,420.96,22.61,288.52
719,66.53,Corn,91.75,5.59,1275.57,16.52,62.53
720,366.78,Corn,43.67,6.28,1262.23,10.23,161.0
721,469.48,Corn,32.57,5.6,1792.66,26.21,256.83
722,94.71,Wheat,58.64,8.14,1248.39,22.78,332.83
723,37.92,Wheat,37.75,6.23,1931.64,21.14,300.76
724,371.85,Rice,60.51,7.17,382.78,34.17,384.19
725,289.36,Rice,70.85,5.62,466.61,24.28,175.9
726,421.71,Wheat,69.15,7.5,374.91,31.59,304.23
727,74.19,Rice,38.08,6.47,614.97,13.49,89.66
728,398.66,Wheat,17.52,8.19,1220.16,24.23,236.15
729,104.81,Corn,43.62,8.16,1397.47,31.7,387.57
730,86.01,Corn,15.12,6.48,377.49,24.58,362.03
731,86.31,Rice,89.12,8.2,1908.15,27.95,495.79
732,408.21,Wheat,35.24,8.49,1731.68,19.3,175.05
733,334.27,Wheat,16.29,7.98,804.24,12.31,274.19
734,263.92,Rice,3.52,8.03,431.22,21.45,198.29
735,182.62,Wheat,64.94,6.25,588.81,19.86,248.27
736,439.21,Corn,64.05,7.23,515.81,31.68,435.63
737,199.26,Rice,34.72,5.7,509.58,16.1,357.89
738,409.22,Rice,8.1,5.78,1181.55,34.17,447.1
739,222.37,Wheat,41.55,8.5,717.94,33.95,141.58
740,191.59,Rice,31.81,6.48,908.84,16.19,443.01
741,234.03,Wheat,68.03,7.74,1982.16,18.7,76.89
742,154.18,Wheat,60.97,7.92,1463.33,32.39,449.87
743,375.07,Wheat,37.09,8.07,1913.27,34.17,198.08
744,253.85,Wheat,22.57,8.49,542.35,21.09,191.56
745,119.95,Wheat,98.82,6.22,949.64,18.02,280.44
746,450.29,Rice,45.95,5.62,1243.04,23.15,473.31
747,195.03,Corn,69.14,6.73,430.49,27.19,71.5
748,274.06,Corn,14.91,5.89,307.12,16.84,208.5
749,453.7,Rice,49.07,5.57,1439.74,28.41,435.46
750,314.0,Rice,3.73,6.58,1391.09,11.29,228.22
751,62.86,Corn,51.04,7.85,998.34,11.23,139.62
752,470.22,Corn,96.44,7.2,1132.39,19.66,241.16
753,315.72,Corn,39.04,6.44,1006.25,18.84,223.5
754,170.78,Corn,4.86,7.46,340.81,17.89,461.94
755,73.94,Corn,4.06,6.2,870.13,22.28,392.87
756,398.04,Wheat,39.41,5.54,601.04,18.02,277.3
757,311.94,Rice,16.84,7.79,467.32,14.81,494.77
758,269.06,Wheat,3.31,7.37,1926.42,17.74,259.37
759,447.48,Corn,75.87,7.79,1318.91,34.37,76.21
760,395.36,Corn,46.39,5.62,1538.72,20.28,168.02
761,80.08,Corn,29.64,8.01,836.12,21.12,246.23
762,159.3,Wheat,90.11,7.36,968.35,24.41,120.61
763,128.0,Wheat,12.5,7.19,702.77,34.58,476.4
764,373.25,Corn,95.64,7.37,464.84,16.04,395.08
765,21.6,Wheat,32.08,8.09,604.35,27.03,170.73
766,287.1,Wheat,88.95,7.26,1655.77,27.9,315.86
767,382.42,Corn,60.69,7.24,1451.83,25.18,374.65
768,439.0,Wheat,82.84,8.47,1229.78,12.21,473.58
769,174.33,Rice,98.42,7.77,1107.65,26.92,446.74
770,411.52,Rice,29.55,6.83,1868.14,11.6,281.84
771,59.76,Rice,96.15,7.62,423.65,24.9,398.59
772,423.99,Rice,39.56,6.67,777.02,28.49,302.97
773,68.11,Corn,39.17,6.19,894.89,15.27,298.72
774,201.66,Corn,34.7,7.29,1630.12,31.04,101.63
775,399.66,Corn,54.6,8.28,1987.27,10.76,106.76
776,79.21,Rice,16.26,8.29,709.14,31.1,288.29
777,118.48,Rice,55.82,6.53,1786.32,21.51,170.99
778,362.52,Wheat,54.63,7.08,1712.06,15.44,59.47
779,361.42,Wheat,76.43,6.13,681.92,13.34,375.28
780,322.37,Rice,83.53,8.49,978.87,33.83,64.62
781,348.5,Rice,44.6,8.44,996.44,11.82,317.87
782,273.65,Rice,30.93,7.45,1962.98,14.98,292.64
783,129.64,Rice,26.67,7.91,607.52,18.7,485.97
784,176.12,Wheat,20.27,7.65,1658.57,25.51,267.9
785,94.89,Rice,6.71,7.28,868.13,23.62,78.62
786,454.68,Wheat,34.9,5.66,1542.48,13.14,298.26
787,293.78,Rice,27.75,6.86,1014.02,17.24,428.49
788,203.42,Rice,96.68,7.52,1283.21,15.97,498.58
789,233.69,Rice,56.21,7.53,1715.44,15.34,243.65
790,473.91,Wheat,35.38,6.62,1667.08,20.28,194.13
791,80.91,Wheat,58.47,8.33,1772.92,27.6,457.99
792,295.18,Corn,14.78,6.0,401.35,15.44,136.06
793,255.41,Rice,44.96,7.0,1476.49,19.17,326.94
794,307.67,Corn,63.0,7.57,537.98,19.77,232.57
795,13.96,Corn,49.4,7.59,1006.89,34.41,68.49
796,436.7,Wheat,40.78,7.45,1232.6,33.87,206.28
797,466.4,Wheat,99.39,6.33,984.66,30.0,169.35
798,284.74,Corn,88.15,5.97,1183.34,16.04,358.74
799,349.84,Rice,62.72,7.41,1994.09,11.7,476.96
800,461.64,Wheat,57.37,7.3,529.87,17.92,170.62
801,355.08,Rice,62.45,6.04,1448.28,16.67,415.16
802,80.51,Rice,20.93,7.62,973.2,22.65,74.91
803,290.26,Corn,40.12,6.87,526.12,29.44,292.15
804,305.32,Corn,4.91,7.5,569.85,31.46,81.75
805,214.94,Corn,48.08,8.01,1913.76,31.12,470.31
806,369.54,Corn,54.76,6.01,1795.32,18.99,394.86
807,467.51,Wheat,23.55,5.56,1841.97,27.18,346.08
808,463.16,Wheat,96.44,7.84,1985.61,17.82,420.75
809,228.17,Corn,91.04,7.33,654.14,11.52,341.38
810,61.05,Wheat,72.49,7.6,904.25,27.54,486.02
811,492.5,Corn,53.81,8.01,1437.67,10.25,371.28
812,420.25,Rice,87.13,7.91,1122.46,20.23,466.1
813,66.71,Rice,13.93,8.38,1011.26,18.23,282.71
814,460.82,Rice,79.26,7.11,908.28,27.33,102.68
815,435.6,Corn,13.36,6.97,1309.43,29.16,287.68
816,261.82,Rice,79.63,6.71,1278.51,17.6,107.09
817,297.68,Wheat,28.3,5.96,574.48,30.29,316.62
818,202.51,Rice,87.83,7.22,1101.96,17.35,267.12
819,32.11,Rice,94.46,6.33,1240.9,21.16,330.16
820,170.92,Rice,15.73,8.26,1269.49,28.18,54.52
821,402.41,Wheat,46.8,7.25,657.18,27.32,137.68
822,7.29,Corn,98.12,7.28,1561.86,34.68,271.1
823,170.08,Wheat,48.86,6.56,342.84,15.63,477.73
824,202.09,Corn,86.49,5.66,903.21,26.56,222.62
825,271.01,Corn,59.28,5.6,1626.36,25.24,240.97
826,460.33,Rice,38.16,6.77,1258.62,32.88,371.61
827,176.44,Corn,29.29,5.75,743.98,13.91,321.71
828,176.74,Wheat,21.12,7.32,1481.42,28.79,184.52
829,370.06,Wheat,76.42,8.14,1264.56,24.21,234.87
830,228.85,Corn,39.27,8.15,1653.61,16.87,147.96
831,116.18,Rice,51.62,7.48,1549.54,21.86,484.71
832,228.96,Rice,49.74,6.13,1337.18,18.34,108.79
833,74.72,Wheat,58.15,8.09,1129.9,24.48,217.33
834,92.31,Rice,86.69,8.16,526.41,32.23,61.63
835,251.69,Corn,98.09,6.09,744.27,24.23,149.8
836,212.37,Corn,41.35,7.71,1012.47,25.79,401.21
837,457.85,Wheat,82.92,6.36,1318.81,22.97,140.53
838,184.38,Corn,76.69,7.91,1173.3,11.28,86.03
839,292.39,Wheat,57.78,8.49,789.91,15.82,263.5
840,317.97,Corn,95.65,5.59,310.99,22.3,54.49
841,11.48,Wheat,20.85,8.19,1143.61,17.76,88.14
842,333.45,Rice,11.82,7.37,785.56,14.54,413.43
843,93.13,Corn,85.54,8.42,1548.83,22.6,397.16
844,480.73,Corn,44.48,6.9,340.71,18.07,461.81
845,78.59,Wheat,84.85,8.04,1294.21,16.45,434.53
846,210.24,Wheat,89.42,5.69,1900.51,21.6,357.43
847,47.25,Corn,7.18,6.51,596.5,13.33,73.55
848,498.45,Wheat,88.46,5.7,1101.8,33.19,402.28
849,253.59,Corn,45.38,8.43,455.42,31.69,430.48
850,299.72,Rice,51.53,7.95,1363.66,27.69,409.59
851,38.2,Wheat,63.03,8.06,1235.9,12.66,278.82
852,376.23,Corn,92.71,8.31,992.52,29.4,154.81
853,108.9,Rice,2.89,5.76,1186.34,30.2,430.4
854,449.54,Rice,48.21,6.66,1824.18,29.19,377.22
855,106.54,Corn,69.08,5.71,633.7,12.85,491.34
856,99.39,Wheat,72.55,6.13,338.36,26.1,120.06
857,23.09,Corn,69.56,6.19,1764.83,30.86,151.55
858,238.67,Rice,14.31,6.91,1281.1,24.43,145.31
859,284.6,Corn,30.64,6.31,1814.12,26.16,406.64
860,37.53,Wheat,36.51,5.8,1314.81,21.46,134.11
861,388.89,Rice,80.64,6.0,1677.27,23.22,80.0
862,229.38,Corn,28.6,5.94,1030.44,10.86,499.35
863,264.57,Wheat,21.86,8.42,1574.76,25.97,61.17
864,223.18,Rice,95.79,7.78,1852.17,12.04,425.86
865,203.38,Wheat,1.88,8.4,1272.61,20.88,214.42
866,282.02,Rice,99.78,6.82,607.33,17.32,428.73
867,81.84,Corn,68.01,6.34,756.96,23.64,299.58
868,95.05,Wheat,83.02,7.89,637.7,13.34,455.73
869,431.58,Rice,30.17,6.48,719.66,27.29,466.79
870,473.33,Wheat,2.42,6.4,820.91,29.88,54.09
871,189.79,Wheat,74.05,6.2,1243.73,14.08,83.94
872,139.02,Corn,83.58,5.89,1299.59,12.61,162.66
873,323.78,Wheat,74.31,6.27,1025.05,13.64,351.19
874,207.32,Rice,15.14,6.57,1346.22,31.93,449.72
875,17.57,Rice,75.59,7.52,438.68,23.2,256.97
876,82.3,Rice,77.12,5.69,449.24,21.68,323.14
877,359.41,Rice,66.2,6.13,592.11,12.67,134.82
878,331.17,Corn,76.85,7.93,1180.73,26.24,412.24
879,18.41,Wheat,84.75,5.94,663.79,31.7,485.3
880,114.88,Corn,61.75,6.53,781.58,30.7,170.87
881,119.38,Wheat,9.77,8.09,980.53,25.65,272.67
882,337.59,Wheat,49.28,5.96,1680.17,11.88,88.75
883,14.76,Wheat,8.69,5.75,323.57,12.81,301.61
884,56.53,Corn,41.35,6.95,1403.94,11.23,276.25
885,400.96,Wheat,41.3,6.41,1437.09,16.44,115.0
886,93.38,Corn,7.53,7.19,1657.71,13.39,248.93
887,328.11,Rice,35.53,7.91,1885.68,16.5,200.35
888,122.9,Rice,11.99,5.91,334.23,19.63,284.82
889,54.22,Wheat,81.02,7.24,561.43,33.57,313.54
890,125.37,Corn,94.82,7.02,1806.49,25.26,53.82
891,362.52,Rice,8.16,5.93,1079.48,30.87,392.45
892,428.57,Corn,95.56,7.37,1259.8,27.76,370.86
893,415.96,Corn,52.74,6.32,1427.15,12.81,214.83
894,201.61,Wheat,30.66,6.96,1454.41,28.4,73.82
895,335.7,Rice,8.61,5.75,1883.96,16.88,389.72
896,106.47,Wheat,50.56,6.88,1994.81,25.98,479.83
897,150.11,Wheat,79.66,6.42,1524.27,18.52,158.07
898,448.69,Rice,71.0,7.97,788.28,34.94,195.59
899,11.44,Rice,5.97,5.67,1795.58,16.59,132.72
900,47.33,Corn,8.22,6.76,383.68,16.98,309.62
901,107.9,Rice,40.88,6.88,692.84,33.27,119.68
902,18.13,Corn,30.23,7.68,1825.56,10.62,210.29
903,94.81,Corn,24.01,7.22,735.53,27.42,363.66
904,293.61,Corn,28.82,7.5,675.11,28.13,302.05
905,213.61,Rice,80.54,7.83,534.81,30.91,223.91
906,446.87,Wheat,92.99,8.09,1760.49,34.36,239.11
907,409.63,Corn,41.11,6.44,1150.1,34.39,302.95
908,174.2,Wheat,90.7,7.11,1447.32,11.63,52.64
909,133.41,Wheat,32.83,8.02,706.41,30.55,85.33
910,192.95,Rice,48.17,8.47,1588.67,26.16,446.57
911,297.2,Wheat,23.38,8.17,1592.01,26.18,85.05
912,137.69,Wheat,64.41,6.61,831.42,13.21,368.06
913,313.95,Rice,97.92,6.09,998.16,26.25,464.02
914,207.66,Corn,60.75,6.97,656.47,34.56,171.81
915,278.26,Wheat,36.42,7.72,1960.15,32.8,216.72
916,220.88,Rice,65.13,6.98,1397.52,20.98,306.01
917,150.76,Wheat,13.17,6.95,1888.72,11.0,446.77
918,474.48,Wheat,88.98,8.01,815.76,19.06,473.86
919,382.98,Corn,50.81,6.58,1629.21,30.66,382.8
920,74.36,Wheat,45.49,8.08,1601.96,27.54,88.98
921,434.89,Rice,59.0,6.72,1475.81,21.48,351.12
922,246.28,Wheat,62.85,6.48,1941.59,11.38,234.64
923,447.8,Corn,8.11,6.86,969.04,20.67,261.82
924,400.93,Corn,68.58,7.79,522.22,21.73,72.12
925,215.48,Rice,24.95,5.88,1441.91,33.21,135.98
926,16.12,Corn,71.68,6.09,1539.83,26.03,405.73
927,138.0,Wheat,82.43,8.35,1277.6,17.79,254.28
928,273.11,Corn,80.59,6.03,651.59,23.13,185.75
929,318.57,Rice,55.7,7.2,1157.58,11.65,222.81
930,132.65,Corn,52.5,7.24,830.72,34.31,434.48
931,73.98,Corn,15.14,6.97,1026.69,19.0,387.05
932,418.29,Corn,77.76,7.43,1396.87,21.95,172.54
933,492.28,Rice,27.87,6.19,1566.87,18.88,102.88
934,265.22,Corn,50.17,7.16,694.78,27.06,163.4
935,89.98,Corn,29.14,6.62,989.05,26.56,464.34
936,139.79,Wheat,14.25,7.49,757.57,27.88,311.71
937,14.1,Rice,63.33,5.92,637.67,16.7,290.07
938,457.58,Corn,6.38,7.21,1631.76,17.89,318.38
939,63.29,Rice,75.12,6.06,1845.73,13.13,214.71
940,290.38,Corn,32.44,6.34,929.39,26.39,413.2
941,140.66,Corn,1.01,6.16,1577.17,10.99,285.48
942,279.32,Corn,51.6,6.05,1824.89,24.94,102.54
943,327.45,Wheat,5.64,7.98,1738.41,31.74,108.08
944,415.72,Wheat,28.34,6.36,610.78,32.27,291.59
945,107.18,Wheat,70.99,8.28,1925.7,21.23,471.46
946,10.44,Rice,7.21,8.41,940.35,21.48,188.76
947,72.76,Rice,84.09,7.21,876.71,11.92,441.29
948,450.51,Wheat,1.38,5.93,406.13,26.77,393.84
949,437.58,Rice,25.44,6.62,1126.5,30.53,161.52
950,300.72,Corn,74.35,7.89,485.32,16.12,66.35
951,302.26,Corn,32.31,6.6,722.52,20.53,95.83
952,334.19,Corn,11.09,5.76,838.8,30.97,377.82
953,91.81,Wheat,36.66,7.17,1675.0,31.93,139.85
954,457.63,Rice,27.77,8.04,1788.33,16.08,217.07
955,212.29,Wheat,84.43,7.89,814.19,23.76,275.76
956,194.65,Rice,32.02,6.03,1759.79,14.81,376.46
957,261.86,Corn,79.1,7.52,1757.29,12.55,100.95
958,28.25,Wheat,89.3,6.16,1599.91,32.78,232.86
959,87.31,Rice,43.95,6.15,549.38,30.51,268.28
960,370.33,Rice,91.08,8.12,1473.55,29.0,293.37
961,45.99,Corn,38.35,6.25,1906.54,11.22,418.26
962,303.56,Wheat,96.44,6.29,1460.32,31.09,127.26
963,126.45,Wheat,9.84,5.5,863.75,20.95,413.52
964,197.7,Wheat,69.01,8.11,1150.98,18.56,361.8
965,147.9,Corn,49.89,7.88,1397.73,23.66,300.14
966,181.06,Wheat,39.38,7.38,1167.97,12.28,364.79
967,360.93,Corn,63.64,7.75,503.92,28.92,235.41
968,152.08,Corn,70.68,5.96,830.51,24.56,112.28
969,285.37,Corn,1.43,6.87,1664.07,14.66,349.59
970,240.64,Rice,17.53,6.55,1764.41,14.71,286.1
971,333.52,Wheat,71.59,5.78,533.41,14.61,337.72
972,468.73,Wheat,66.97,6.96,1919.06,11.43,202.1
973,367.62,Corn,96.64,8.26,859.0,24.69,458.09
974,111.4,Corn,76.34,5.62,1425.93,31.01,314.32
975,20.44,Wheat,95.13,6.37,1578.1,10.44,88.43
976,134.82,Corn,70.55,6.12,1680.31,11.23,252.41
977,299.56,Wheat,30.51,6.21,1907.77,24.32,390.36
978,30.46,Rice,11.43,8.23,831.96,30.49,407.36
979,250.7,Corn,78.4,6.9,1759.46,18.17,272.57
980,300.44,Wheat,64.77,6.9,523.87,18.74,452.64
981,170.45,Corn,5.77,7.78,1498.57,24.91,170.45
982,386.6,Wheat,36.64,5.96,1561.36,16.86,234.77
983,57.77,Wheat,95.72,6.96,1452.13,10.67,454.37
984,42.19,Corn,50.54,6.79,728.94,28.38,453.32
985,365.45,Rice,43.84,7.29,1784.17,25.64,358.57
986,250.27,Wheat,46.31,8.5,587.06,24.52,436.54
987,345.76,Wheat,21.68,7.81,391.18,28.54,89.95
988,220.24,Wheat,37.5,6.69,1519.69,26.88,439.25
989,126.97,Rice,37.61,7.98,1108.31,15.15,194.28
990,410.46,Rice,6.18,6.01,1743.47,18.81,130.25
991,400.71,Corn,76.99,5.59,951.78,13.15,157.72
992,348.87,Rice,42.23,6.11,586.07,13.25,238.09
993,139.71,Corn,82.4,6.52,1721.95,26.9,163.04
994,297.16,Corn,85.18,7.03,1233.15,31.47,194.26
995,183.68,Rice,21.99,7.35,621.63,34.07,110.74
996,50.33,Corn,66.08,8.23,1524.65,25.71,183.28
997,459.07,Rice,47.76,7.03,1168.89,14.6,307.53
998,72.73,Corn,88.14,7.0,1327.33,12.64,248.83
999,475.37,Rice,22.36,5.65,1083.53,30.32,206.02
1000,225.77,Rice,68.1,5.6,1708.81,24.47,385.9
